Tanggal,Kecamatan,Puskesmas,Jumlah_Bayi_6_Bulan,Jumlah_ASI_Eksklusif,Persentase_Cakupan
2021-01-31,Bungus Teluk Kabung,BUNGUS,95,76,80.0
2021-01-31,Lubuk Kilangan,LUBUK KILANGAN,58,47,81.03
2021-01-31,Lubuk Begalung,LUBUK BEGALUNG,125,100,80
2021-01-31,Lubuk Begalung,PEGAMBIRAN,47,38,80.85
2021-01-31,Padang Selatan,SEBERANG PADANG,49,40,81.63
2021-01-31,Padang Selatan,PEMANCUNGAN,102,82,80.39
2021-01-31,Padang Selatan,RAWANG,73,59,80.82
2021-01-31,Padang Timur,ANDALAS,73,59,80.82
2021-01-31,Padang Timur,PARAK KARAKAH,82,66,80.49
2021-01-31,Padang Barat,PADANG PASIR,101,81,80.2
2021-01-31,Padang Utara,ULAK KARANG,110,88,80.0
2021-01-31,Padang Utara,AIR TAWAR,60,48,80
2021-01-31,Padang Utara,ALAI,70,56,80.0
2021-01-31,Nanggalo,NANGGALO,75,60,80.0
2021-01-31,Nanggalo,LAPAI,47,38,80.85
2021-01-31,Kuranji,BELIMBING,98,79,80.61
2021-01-31,Kuranji,KURANJI,115,96,83.48
2021-01-31,Kuranji,AMBACANG,61,49,80.33
2021-01-31,Pauh,PAUH,65,52,80.0
2021-01-31,Koto Tangah,AIR DINGIN,117,99,84.62
2021-01-31,Koto Tangah,LB.BUAYA,69,56,81.16
2021-01-31,Koto Tangah,IKUR KOTO,130,104,80.0
2021-01-31,Koto Tangah,ANAK AIR,61,49,80.33
2021-01-31,Koto Tangah,TUNGGUL HITAM,52,42,80.77
2021-02-28,Bungus Teluk Kabung,BUNGUS,110,88,80.0
2021-02-28,Lubuk Kilangan,LUBUK KILANGAN,46,37,80.43
2021-02-28,Lubuk Begalung,LUBUK BEGALUNG,67,54,80.6
2021-02-28,Lubuk Begalung,PEGAMBIRAN,52,42,80.77
2021-02-28,Padang Selatan,SEBERANG PADANG,38,31,81.58
2021-02-28,Padang Selatan,PEMANCUNGAN,101,81,80.2
2021-02-28,Padang Selatan,RAWANG,60,48,80.0
2021-02-28,Padang Timur,ANDALAS,75,60,80.0
2021-02-28,Padang Timur,PARAK KARAKAH,89,72,80.9
2021-02-28,Padang Barat,PADANG PASIR,58,47,81.03
2021-02-28,Padang Utara,ULAK KARANG,88,71,80.68
2021-02-28,Padang Utara,AIR TAWAR,66,53,80.3
2021-02-28,Padang Utara,ALAI,76,61,80.26
2021-02-28,Nanggalo,NANGGALO,128,103,80.47
2021-02-28,Nanggalo,LAPAI,51,41,80.39
2021-02-28,Kuranji,BELIMBING,44,36,81.82
2021-02-28,Kuranji,KURANJI,52,42,80.77
2021-02-28,Kuranji,AMBACANG,130,104,80
2021-02-28,Pauh,PAUH,41,33,80.49
2021-02-28,Koto Tangah,AIR DINGIN,83,67,80.72
2021-02-28,Koto Tangah,LB.BUAYA,95,78,82.11
2021-02-28,Koto Tangah,IKUR KOTO,61,49,80.33
2021-02-28,Koto Tangah,ANAK AIR,67,54,80.6
2021-02-28,Koto Tangah,TUNGGUL HITAM,43,36,83.72
2021-03-31,Bungus Teluk Kabung,BUNGUS,122,98,80.33
2021-03-31,Lubuk Kilangan,LUBUK KILANGAN,58,47,81.03
2021-03-31,Lubuk Begalung,LUBUK BEGALUNG,56,45,80.36
2021-03-31,Lubuk Begalung,PEGAMBIRAN,83,67,80.72
2021-03-31,Padang Selatan,SEBERANG PADANG,64,52,81.25
2021-03-31,Padang Selatan,PEMANCUNGAN,57,46,80.7
2021-03-31,Padang Selatan,RAWANG,105,84,80.0
2021-03-31,Padang Timur,ANDALAS,56,45,80.36
2021-03-31,Padang Timur,PARAK KARAKAH,114,92,80.7
2021-03-31,Padang Barat,PADANG PASIR,130,104,80.0
2021-03-31,Padang Utara,ULAK KARANG,99,80,80.81
2021-03-31,Padang Utara,AIR TAWAR,43,35,81.4
2021-03-31,Padang Utara,ALAI,80,64,80.0
2021-03-31,Nanggalo,NANGGALO,60,48,80.0
2021-03-31,Nanggalo,LAPAI,49,40,81.63
2021-03-31,Kuranji,BELIMBING,108,87,80.56
2021-03-31,Kuranji,KURANJI,73,59,80.82
2021-03-31,Kuranji,AMBACANG,50,40,80.0
2021-03-31,Pauh,PAUH,50,40,80.0
2021-03-31,Koto Tangah,AIR DINGIN,87,70,80.46
2021-03-31,Koto Tangah,LB.BUAYA,106,85,80.19
2021-03-31,Koto Tangah,IKUR KOTO,41,33,80.49
2021-03-31,Koto Tangah,ANAK AIR,58,47,81.03
2021-03-31,Koto Tangah,TUNGGUL HITAM,49,40,81.63
2021-04-30,Bungus Teluk Kabung,BUNGUS,55,44,80.0
2021-04-30,Lubuk Kilangan,LUBUK KILANGAN,95,76,80.0
2021-04-30,Lubuk Begalung,LUBUK BEGALUNG,108,87,80.56
2021-04-30,Lubuk Begalung,PEGAMBIRAN,84,69,82.14
2021-04-30,Padang Selatan,SEBERANG PADANG,89,72,80.9
2021-04-30,Padang Selatan,PEMANCUNGAN,109,88,80.73
2021-04-30,Padang Selatan,RAWANG,88,71,80.68
2021-04-30,Padang Timur,ANDALAS,46,37,80.43
2021-04-30,Padang Timur,PARAK KARAKAH,56,47,83.93
2021-04-30,Padang Barat,PADANG PASIR,113,91,80.53
2021-04-30,Padang Utara,ULAK KARANG,30,24,80.0
2021-04-30,Padang Utara,AIR TAWAR,90,72,80.0
2021-04-30,Padang Utara,ALAI,64,52,81.25
2021-04-30,Nanggalo,NANGGALO,49,40,81.63
2021-04-30,Nanggalo,LAPAI,80,64,80.0
2021-04-30,Kuranji,BELIMBING,67,54,80.6
2021-04-30,Kuranji,KURANJI,72,58,80.56
2021-04-30,Kuranji,AMBACANG,51,41,80.39
2021-04-30,Pauh,PAUH,90,72,80.0
2021-04-30,Koto Tangah,AIR DINGIN,67,54,80.6
2021-04-30,Koto Tangah,LB.BUAYA,37,30,81.08
2021-04-30,Koto Tangah,IKUR KOTO,61,49,80.33
2021-04-30,Koto Tangah,ANAK AIR,107,86,80.37
2021-04-30,Koto Tangah,TUNGGUL HITAM,98,79,80.61
2021-05-31,Bungus Teluk Kabung,BUNGUS,42,35,83.33
2021-05-31,Lubuk Kilangan,LUBUK KILANGAN,51,41,80.39
2021-05-31,Lubuk Begalung,LUBUK BEGALUNG,47,38,80.85
2021-05-31,Lubuk Begalung,PEGAMBIRAN,58,47,81.03
2021-05-31,Padang Selatan,SEBERANG PADANG,116,93,80.17
2021-05-31,Padang Selatan,PEMANCUNGAN,45,36,80.0
2021-05-31,Padang Selatan,RAWANG,69,56,81.16
2021-05-31,Padang Timur,ANDALAS,106,85,80.19
2021-05-31,Padang Timur,PARAK KARAKAH,89,72,80.9
2021-05-31,Padang Barat,PADANG PASIR,108,87,80.56
2021-05-31,Padang Utara,ULAK KARANG,84,70,83.33
2021-05-31,Padang Utara,AIR TAWAR,87,70,80.46
2021-05-31,Padang Utara,ALAI,81,65,80.25
2021-05-31,Nanggalo,NANGGALO,44,37,84.09
2021-05-31,Nanggalo,LAPAI,71,60,84.51
2021-05-31,Kuranji,BELIMBING,98,83,84.69
2021-05-31,Kuranji,KURANJI,83,70,84.34
2021-05-31,Kuranji,AMBACANG,39,32,82.05
2021-05-31,Pauh,PAUH,44,36,81.82
2021-05-31,Koto Tangah,AIR DINGIN,52,42,80.77
2021-05-31,Koto Tangah,LB.BUAYA,95,76,80.0
2021-05-31,Koto Tangah,IKUR KOTO,116,93,80.17
2021-05-31,Koto Tangah,ANAK AIR,81,65,80.25
2021-05-31,Koto Tangah,TUNGGUL HITAM,48,39,81.25
2021-06-30,Bungus Teluk Kabung,BUNGUS,51,41,80.39
2021-06-30,Lubuk Kilangan,LUBUK KILANGAN,113,91,80.53
2021-06-30,Lubuk Begalung,LUBUK BEGALUNG,39,32,82.05
2021-06-30,Lubuk Begalung,PEGAMBIRAN,75,62,82.67
2021-06-30,Padang Selatan,SEBERANG PADANG,107,86,80.37
2021-06-30,Padang Selatan,PEMANCUNGAN,93,75,80.65
2021-06-30,Padang Selatan,RAWANG,63,51,80.95
2021-06-30,Padang Timur,ANDALAS,64,52,81.25
2021-06-30,Padang Timur,PARAK KARAKAH,70,56,80.0
2021-06-30,Padang Barat,PADANG PASIR,113,91,80.53
2021-06-30,Padang Utara,ULAK KARANG,45,36,80.0
2021-06-30,Padang Utara,AIR TAWAR,48,39,81.25
2021-06-30,Padang Utara,ALAI,117,94,80.34
2021-06-30,Nanggalo,NANGGALO,99,80,80.81
2021-06-30,Nanggalo,LAPAI,113,91,80.53
2021-06-30,Kuranji,BELIMBING,88,72,81.82
2021-06-30,Kuranji,KURANJI,109,88,80.73
2021-06-30,Kuranji,AMBACANG,56,45,80.36
2021-06-30,Pauh,PAUH,68,55,80.88
2021-06-30,Koto Tangah,AIR DINGIN,35,28,80
2021-06-30,Koto Tangah,LB.BUAYA,98,79,80.61
2021-06-30,Koto Tangah,IKUR KOTO,85,68,80.0
2021-06-30,Koto Tangah,ANAK AIR,55,44,80
2021-06-30,Koto Tangah,TUNGGUL HITAM,69,56,81.16
2021-07-31,Bungus Teluk Kabung,BUNGUS,98,79,80.61
2021-07-31,Lubuk Kilangan,LUBUK KILANGAN,34,28,82.35
2021-07-31,Lubuk Begalung,LUBUK BEGALUNG,43,35,81.4
2021-07-31,Lubuk Begalung,PEGAMBIRAN,118,95,80.51
2021-07-31,Padang Selatan,SEBERANG PADANG,47,38,80.85
2021-07-31,Padang Selatan,PEMANCUNGAN,51,41,80.39
2021-07-31,Padang Selatan,RAWANG,49,40,81.63
2021-07-31,Padang Timur,ANDALAS,87,70,80.46
2021-07-31,Padang Timur,PARAK KARAKAH,116,93,80.17
2021-07-31,Padang Barat,PADANG PASIR,93,75,80.65
2021-07-31,Padang Utara,ULAK KARANG,97,78,80.41
2021-07-31,Padang Utara,AIR TAWAR,47,38,80.85
2021-07-31,Padang Utara,ALAI,107,86,80.37
2021-07-31,Nanggalo,NANGGALO,65,52,80.0
2021-07-31,Nanggalo,LAPAI,112,90,80.36
2021-07-31,Kuranji,BELIMBING,124,102,82.26
2021-07-31,Kuranji,KURANJI,125,100,80.0
2021-07-31,Kuranji,AMBACANG,112,90,80.36
2021-07-31,Pauh,PAUH,125,100,80.0
2021-07-31,Koto Tangah,AIR DINGIN,73,59,80.82
2021-07-31,Koto Tangah,LB.BUAYA,129,104,80.62
2021-07-31,Koto Tangah,IKUR KOTO,79,64,81.01
2021-07-31,Koto Tangah,ANAK AIR,39,33,84.62
2021-07-31,Koto Tangah,TUNGGUL HITAM,82,66,80.49
2021-08-31,Bungus Teluk Kabung,BUNGUS,97,78,80.41
2021-08-31,Lubuk Kilangan,LUBUK KILANGAN,92,74,80.43
2021-08-31,Lubuk Begalung,LUBUK BEGALUNG,76,61,80.26
2021-08-31,Lubuk Begalung,PEGAMBIRAN,104,84,80.77
2021-08-31,Padang Selatan,SEBERANG PADANG,101,81,80.2
2021-08-31,Padang Selatan,PEMANCUNGAN,83,67,80.72
2021-08-31,Padang Selatan,RAWANG,120,96,80.0
2021-08-31,Padang Timur,ANDALAS,50,40,80.0
2021-08-31,Padang Timur,PARAK KARAKAH,47,38,80.85
2021-08-31,Padang Barat,PADANG PASIR,93,78,83.87
2021-08-31,Padang Utara,ULAK KARANG,107,86,80.37
2021-08-31,Padang Utara,AIR TAWAR,80,64,80.0
2021-08-31,Padang Utara,ALAI,74,60,81.08
2021-08-31,Nanggalo,NANGGALO,60,48,80.0
2021-08-31,Nanggalo,LAPAI,117,94,80.34
2021-08-31,Kuranji,BELIMBING,67,54,80.6
2021-08-31,Kuranji,KURANJI,70,58,82.86
2021-08-31,Kuranji,AMBACANG,127,102,80.31
2021-08-31,Pauh,PAUH,93,75,80.65
2021-08-31,Koto Tangah,AIR DINGIN,98,79,80.61
2021-08-31,Koto Tangah,LB.BUAYA,68,55,80.88
2021-08-31,Koto Tangah,IKUR KOTO,82,66,80.49
2021-08-31,Koto Tangah,ANAK AIR,115,92,80.0
2021-08-31,Koto Tangah,TUNGGUL HITAM,92,76,82.61
2021-09-30,Bungus Teluk Kabung,BUNGUS,104,84,80.77
2021-09-30,Lubuk Kilangan,LUBUK KILANGAN,109,88,80.73
2021-09-30,Lubuk Begalung,LUBUK BEGALUNG,42,34,80.95
2021-09-30,Lubuk Begalung,PEGAMBIRAN,106,86,81.13
2021-09-30,Padang Selatan,SEBERANG PADANG,32,26,81.25
2021-09-30,Padang Selatan,PEMANCUNGAN,67,54,80.6
2021-09-30,Padang Selatan,RAWANG,74,60,81.08
2021-09-30,Padang Timur,ANDALAS,93,75,80.65
2021-09-30,Padang Timur,PARAK KARAKAH,48,39,81.25
2021-09-30,Padang Barat,PADANG PASIR,102,82,80.39
2021-09-30,Padang Utara,ULAK KARANG,84,68,80.95
2021-09-30,Padang Utara,AIR TAWAR,81,65,80.25
2021-09-30,Padang Utara,ALAI,55,47,85.45
2021-09-30,Nanggalo,NANGGALO,97,78,80.41
2021-09-30,Nanggalo,LAPAI,89,72,80.9
2021-09-30,Kuranji,BELIMBING,103,83,80.58
2021-09-30,Kuranji,KURANJI,52,42,80.77
2021-09-30,Kuranji,AMBACANG,48,39,81.25
2021-09-30,Pauh,PAUH,67,54,80.6
2021-09-30,Koto Tangah,AIR DINGIN,120,96,80.0
2021-09-30,Koto Tangah,LB.BUAYA,38,31,81.58
2021-09-30,Koto Tangah,IKUR KOTO,100,80,80.0
2021-09-30,Koto Tangah,ANAK AIR,65,52,80.0
2021-09-30,Koto Tangah,TUNGGUL HITAM,112,90,80.36
2021-10-31,Bungus Teluk Kabung,BUNGUS,105,84,80.0
2021-10-31,Lubuk Kilangan,LUBUK KILANGAN,72,59,81.94
2021-10-31,Lubuk Begalung,LUBUK BEGALUNG,56,45,80.36
2021-10-31,Lubuk Begalung,PEGAMBIRAN,68,55,80.88
2021-10-31,Padang Selatan,SEBERANG PADANG,120,96,80.0
2021-10-31,Padang Selatan,PEMANCUNGAN,89,72,80.9
2021-10-31,Padang Selatan,RAWANG,120,101,84.17
2021-10-31,Padang Timur,ANDALAS,105,84,80.0
2021-10-31,Padang Timur,PARAK KARAKAH,77,62,80.52
2021-10-31,Padang Barat,PADANG PASIR,78,63,80.77
2021-10-31,Padang Utara,ULAK KARANG,71,57,80.28
2021-10-31,Padang Utara,AIR TAWAR,80,64,80
2021-10-31,Padang Utara,ALAI,82,66,80.49
2021-10-31,Nanggalo,NANGGALO,91,77,84.62
2021-10-31,Nanggalo,LAPAI,137,110,80.29
2021-10-31,Kuranji,BELIMBING,91,73,80.22
2021-10-31,Kuranji,KURANJI,112,92,82.14
2021-10-31,Kuranji,AMBACANG,33,27,81.82
2021-10-31,Pauh,PAUH,68,55,80.88
2021-10-31,Koto Tangah,AIR DINGIN,55,44,80.0
2021-10-31,Koto Tangah,LB.BUAYA,52,42,80.77
2021-10-31,Koto Tangah,IKUR KOTO,82,66,80.49
2021-10-31,Koto Tangah,ANAK AIR,43,35,81.4
2021-10-31,Koto Tangah,TUNGGUL HITAM,64,52,81.25
2021-11-30,Bungus Teluk Kabung,BUNGUS,103,83,80.58
2021-11-30,Lubuk Kilangan,LUBUK KILANGAN,58,47,81.03
2021-11-30,Lubuk Begalung,LUBUK BEGALUNG,117,94,80.34
2021-11-30,Lubuk Begalung,PEGAMBIRAN,69,56,81.16
2021-11-30,Padang Selatan,SEBERANG PADANG,48,39,81.25
2021-11-30,Padang Selatan,PEMANCUNGAN,85,68,80
2021-11-30,Padang Selatan,RAWANG,60,48,80.0
2021-11-30,Padang Timur,ANDALAS,80,64,80.0
2021-11-30,Padang Timur,PARAK KARAKAH,91,73,80.22
2021-11-30,Padang Barat,PADANG PASIR,96,81,84.38
2021-11-30,Padang Utara,ULAK KARANG,92,74,80.43
2021-11-30,Padang Utara,AIR TAWAR,43,35,81.4
2021-11-30,Padang Utara,ALAI,57,46,80.7
2021-11-30,Nanggalo,NANGGALO,47,38,80.85
2021-11-30,Nanggalo,LAPAI,108,87,80.56
2021-11-30,Kuranji,BELIMBING,50,40,80.0
2021-11-30,Kuranji,KURANJI,56,45,80.36
2021-11-30,Kuranji,AMBACANG,62,50,80.65
2021-11-30,Pauh,PAUH,37,30,81.08
2021-11-30,Koto Tangah,AIR DINGIN,54,44,81.48
2021-11-30,Koto Tangah,LB.BUAYA,48,39,81.25
2021-11-30,Koto Tangah,IKUR KOTO,104,84,80.77
2021-11-30,Koto Tangah,ANAK AIR,76,63,82.89
2021-11-30,Koto Tangah,TUNGGUL HITAM,58,47,81.03
2021-12-31,Bungus Teluk Kabung,BUNGUS,36,29,80.56
2021-12-31,Lubuk Kilangan,LUBUK KILANGAN,114,92,80.7
2021-12-31,Lubuk Begalung,LUBUK BEGALUNG,89,72,80.9
2021-12-31,Lubuk Begalung,PEGAMBIRAN,124,102,82.26
2021-12-31,Padang Selatan,SEBERANG PADANG,93,75,80.65
2021-12-31,Padang Selatan,PEMANCUNGAN,57,47,82.46
2021-12-31,Padang Selatan,RAWANG,85,68,80.0
2021-12-31,Padang Timur,ANDALAS,86,71,82.56
2021-12-31,Padang Timur,PARAK KARAKAH,39,32,82.05
2021-12-31,Padang Barat,PADANG PASIR,77,62,80.52
2021-12-31,Padang Utara,ULAK KARANG,110,88,80.0
2021-12-31,Padang Utara,AIR TAWAR,78,63,80.77
2021-12-31,Padang Utara,ALAI,96,77,80.21
2021-12-31,Nanggalo,NANGGALO,121,102,84.3
2021-12-31,Nanggalo,LAPAI,106,85,80.19
2021-12-31,Kuranji,BELIMBING,47,38,80.85
2021-12-31,Kuranji,KURANJI,34,28,82.35
2021-12-31,Kuranji,AMBACANG,107,86,80.37
2021-12-31,Pauh,PAUH,55,44,80.0
2021-12-31,Koto Tangah,AIR DINGIN,119,96,80.67
2021-12-31,Koto Tangah,LB.BUAYA,84,68,80.95
2021-12-31,Koto Tangah,IKUR KOTO,43,35,81.4
2021-12-31,Koto Tangah,ANAK AIR,116,93,80.17
2021-12-31,Koto Tangah,TUNGGUL HITAM,45,36,80.0
2022-01-31,Bungus Teluk Kabung,BUNGUS,96,77,80.21
2022-01-31,Lubuk Kilangan,LUBUK KILANGAN,112,96,85.71
2022-01-31,Lubuk Begalung,LUBUK BEGALUNG,111,89,80.18
2022-01-31,Lubuk Begalung,PEGAMBIRAN,121,97,80.17
2022-01-31,Padang Selatan,SEBERANG PADANG,102,82,80.39
2022-01-31,Padang Selatan,PEMANCUNGAN,92,74,80.43
2022-01-31,Padang Selatan,RAWANG,100,80,80.0
2022-01-31,Padang Timur,ANDALAS,94,76,80.85
2022-01-31,Padang Timur,PARAK KARAKAH,51,41,80.39
2022-01-31,Padang Barat,PADANG PASIR,88,71,80.68
2022-01-31,Padang Utara,ULAK KARANG,100,80,80.0
2022-01-31,Padang Utara,AIR TAWAR,58,47,81.03
2022-01-31,Padang Utara,ALAI,110,88,80.0
2022-01-31,Nanggalo,NANGGALO,46,37,80.43
2022-01-31,Nanggalo,LAPAI,89,72,80.9
2022-01-31,Kuranji,BELIMBING,39,32,82.05
2022-01-31,Kuranji,KURANJI,58,47,81.03
2022-01-31,Kuranji,AMBACANG,100,80,80.0
2022-01-31,Pauh,PAUH,131,107,81.68
2022-01-31,Koto Tangah,AIR DINGIN,119,96,80.67
2022-01-31,Koto Tangah,LB.BUAYA,85,68,80.0
2022-01-31,Koto Tangah,IKUR KOTO,55,44,80.0
2022-01-31,Koto Tangah,ANAK AIR,45,36,80.0
2022-01-31,Koto Tangah,TUNGGUL HITAM,57,46,80.7
2022-02-28,Bungus Teluk Kabung,BUNGUS,108,87,80.56
2022-02-28,Lubuk Kilangan,LUBUK KILANGAN,63,51,80.95
2022-02-28,Lubuk Begalung,LUBUK BEGALUNG,131,105,80.15
2022-02-28,Lubuk Begalung,PEGAMBIRAN,72,58,80.56
2022-02-28,Padang Selatan,SEBERANG PADANG,41,33,80.49
2022-02-28,Padang Selatan,PEMANCUNGAN,131,105,80.15
2022-02-28,Padang Selatan,RAWANG,119,102,85.71
2022-02-28,Padang Timur,ANDALAS,68,55,80.88
2022-02-28,Padang Timur,PARAK KARAKAH,77,62,80.52
2022-02-28,Padang Barat,PADANG PASIR,86,69,80.23
2022-02-28,Padang Utara,ULAK KARANG,124,100,80.65
2022-02-28,Padang Utara,AIR TAWAR,46,37,80.43
2022-02-28,Padang Utara,ALAI,119,96,80.67
2022-02-28,Nanggalo,NANGGALO,131,105,80.15
2022-02-28,Nanggalo,LAPAI,37,30,81.08
2022-02-28,Kuranji,BELIMBING,97,78,80.41
2022-02-28,Kuranji,KURANJI,78,63,80.77
2022-02-28,Kuranji,AMBACANG,80,64,80
2022-02-28,Pauh,PAUH,57,46,80.7
2022-02-28,Koto Tangah,AIR DINGIN,81,65,80.25
2022-02-28,Koto Tangah,LB.BUAYA,112,90,80.36
2022-02-28,Koto Tangah,IKUR KOTO,76,61,80.26
2022-02-28,Koto Tangah,ANAK AIR,88,71,80.68
2022-02-28,Koto Tangah,TUNGGUL HITAM,49,40,81.63
2022-03-31,Bungus Teluk Kabung,BUNGUS,97,78,80.41
2022-03-31,Lubuk Kilangan,LUBUK KILANGAN,102,82,80.39
2022-03-31,Lubuk Begalung,LUBUK BEGALUNG,71,57,80.28
2022-03-31,Lubuk Begalung,PEGAMBIRAN,71,57,80.28
2022-03-31,Padang Selatan,SEBERANG PADANG,109,93,85.32
2022-03-31,Padang Selatan,PEMANCUNGAN,126,101,80.16
2022-03-31,Padang Selatan,RAWANG,110,88,80.0
2022-03-31,Padang Timur,ANDALAS,88,71,80.68
2022-03-31,Padang Timur,PARAK KARAKAH,113,91,80.53
2022-03-31,Padang Barat,PADANG PASIR,89,72,80.9
2022-03-31,Padang Utara,ULAK KARANG,61,49,80.33
2022-03-31,Padang Utara,AIR TAWAR,111,89,80.18
2022-03-31,Padang Utara,ALAI,72,58,80.56
2022-03-31,Nanggalo,NANGGALO,114,92,80.7
2022-03-31,Nanggalo,LAPAI,53,43,81.13
2022-03-31,Kuranji,BELIMBING,88,71,80.68
2022-03-31,Kuranji,KURANJI,133,111,83.46
2022-03-31,Kuranji,AMBACANG,62,50,80.65
2022-03-31,Pauh,PAUH,71,57,80.28
2022-03-31,Koto Tangah,AIR DINGIN,82,66,80.49
2022-03-31,Koto Tangah,LB.BUAYA,82,66,80.49
2022-03-31,Koto Tangah,IKUR KOTO,118,95,80.51
2022-03-31,Koto Tangah,ANAK AIR,104,84,80.77
2022-03-31,Koto Tangah,TUNGGUL HITAM,123,99,80.49
2022-04-30,Bungus Teluk Kabung,BUNGUS,65,52,80.0
2022-04-30,Lubuk Kilangan,LUBUK KILANGAN,57,46,80.7
2022-04-30,Lubuk Begalung,LUBUK BEGALUNG,96,82,85.42
2022-04-30,Lubuk Begalung,PEGAMBIRAN,51,41,80.39
2022-04-30,Padang Selatan,SEBERANG PADANG,88,71,80.68
2022-04-30,Padang Selatan,PEMANCUNGAN,141,113,80.14
2022-04-30,Padang Selatan,RAWANG,123,103,83.74
2022-04-30,Padang Timur,ANDALAS,110,88,80.0
2022-04-30,Padang Timur,PARAK KARAKAH,81,65,80.25
2022-04-30,Padang Barat,PADANG PASIR,52,45,86.54
2022-04-30,Padang Utara,ULAK KARANG,90,76,84.44
2022-04-30,Padang Utara,AIR TAWAR,115,95,82.61
2022-04-30,Padang Utara,ALAI,101,81,80.2
2022-04-30,Nanggalo,NANGGALO,93,75,80.65
2022-04-30,Nanggalo,LAPAI,126,101,80.16
2022-04-30,Kuranji,BELIMBING,101,81,80.2
2022-04-30,Kuranji,KURANJI,125,100,80.0
2022-04-30,Kuranji,AMBACANG,75,60,80.0
2022-04-30,Pauh,PAUH,83,69,83.13
2022-04-30,Koto Tangah,AIR DINGIN,65,52,80.0
2022-04-30,Koto Tangah,LB.BUAYA,52,42,80.77
2022-04-30,Koto Tangah,IKUR KOTO,105,84,80.0
2022-04-30,Koto Tangah,ANAK AIR,61,49,80.33
2022-04-30,Koto Tangah,TUNGGUL HITAM,47,38,80.85
2022-05-31,Bungus Teluk Kabung,BUNGUS,126,107,84.92
2022-05-31,Lubuk Kilangan,LUBUK KILANGAN,90,72,80.0
2022-05-31,Lubuk Begalung,LUBUK BEGALUNG,109,88,80.73
2022-05-31,Lubuk Begalung,PEGAMBIRAN,77,62,80.52
2022-05-31,Padang Selatan,SEBERANG PADANG,68,55,80.88
2022-05-31,Padang Selatan,PEMANCUNGAN,106,85,80.19
2022-05-31,Padang Selatan,RAWANG,89,72,80.9
2022-05-31,Padang Timur,ANDALAS,101,81,80.2
2022-05-31,Padang Timur,PARAK KARAKAH,54,44,81.48
2022-05-31,Padang Barat,PADANG PASIR,116,93,80.17
2022-05-31,Padang Utara,ULAK KARANG,127,102,80.31
2022-05-31,Padang Utara,AIR TAWAR,97,78,80.41
2022-05-31,Padang Utara,ALAI,93,75,80.65
2022-05-31,Nanggalo,NANGGALO,76,61,80.26
2022-05-31,Nanggalo,LAPAI,49,40,81.63
2022-05-31,Kuranji,BELIMBING,53,43,81.13
2022-05-31,Kuranji,KURANJI,106,85,80.19
2022-05-31,Kuranji,AMBACANG,87,70,80.46
2022-05-31,Pauh,PAUH,49,40,81.63
2022-05-31,Koto Tangah,AIR DINGIN,56,46,82.14
2022-05-31,Koto Tangah,LB.BUAYA,111,95,85.59
2022-05-31,Koto Tangah,IKUR KOTO,114,92,80.7
2022-05-31,Koto Tangah,ANAK AIR,48,39,81.25
2022-05-31,Koto Tangah,TUNGGUL HITAM,101,81,80.2
2022-06-30,Bungus Teluk Kabung,BUNGUS,121,97,80.17
2022-06-30,Lubuk Kilangan,LUBUK KILANGAN,104,84,80.77
2022-06-30,Lubuk Begalung,LUBUK BEGALUNG,59,48,81.36
2022-06-30,Lubuk Begalung,PEGAMBIRAN,105,84,80.0
2022-06-30,Padang Selatan,SEBERANG PADANG,79,64,81.01
2022-06-30,Padang Selatan,PEMANCUNGAN,134,108,80.6
2022-06-30,Padang Selatan,RAWANG,48,39,81.25
2022-06-30,Padang Timur,ANDALAS,80,64,80.0
2022-06-30,Padang Timur,PARAK KARAKAH,100,83,83
2022-06-30,Padang Barat,PADANG PASIR,108,91,84.26
2022-06-30,Padang Utara,ULAK KARANG,54,44,81.48
2022-06-30,Padang Utara,AIR TAWAR,69,56,81.16
2022-06-30,Padang Utara,ALAI,88,71,80.68
2022-06-30,Nanggalo,NANGGALO,60,48,80.0
2022-06-30,Nanggalo,LAPAI,105,84,80.0
2022-06-30,Kuranji,BELIMBING,85,68,80.0
2022-06-30,Kuranji,KURANJI,70,58,82.86
2022-06-30,Kuranji,AMBACANG,45,38,84.44
2022-06-30,Pauh,PAUH,95,76,80.0
2022-06-30,Koto Tangah,AIR DINGIN,119,96,80.67
2022-06-30,Koto Tangah,LB.BUAYA,116,93,80.17
2022-06-30,Koto Tangah,IKUR KOTO,122,98,80.33
2022-06-30,Koto Tangah,ANAK AIR,90,72,80.0
2022-06-30,Koto Tangah,TUNGGUL HITAM,81,65,80.25
2022-07-31,Bungus Teluk Kabung,BUNGUS,47,38,80.85
2022-07-31,Lubuk Kilangan,LUBUK KILANGAN,83,67,80.72
2022-07-31,Lubuk Begalung,LUBUK BEGALUNG,83,67,80.72
2022-07-31,Lubuk Begalung,PEGAMBIRAN,57,46,80.7
2022-07-31,Padang Selatan,SEBERANG PADANG,49,40,81.63
2022-07-31,Padang Selatan,PEMANCUNGAN,40,33,82.5
2022-07-31,Padang Selatan,RAWANG,71,57,80.28
2022-07-31,Padang Timur,ANDALAS,82,66,80.49
2022-07-31,Padang Timur,PARAK KARAKAH,108,87,80.56
2022-07-31,Padang Barat,PADANG PASIR,120,96,80.0
2022-07-31,Padang Utara,ULAK KARANG,84,68,80.95
2022-07-31,Padang Utara,AIR TAWAR,52,42,80.77
2022-07-31,Padang Utara,ALAI,41,33,80.49
2022-07-31,Nanggalo,NANGGALO,48,39,81.25
2022-07-31,Nanggalo,LAPAI,106,88,83.02
2022-07-31,Kuranji,BELIMBING,68,55,80.88
2022-07-31,Kuranji,KURANJI,64,52,81.25
2022-07-31,Kuranji,AMBACANG,72,58,80.56
2022-07-31,Pauh,PAUH,60,48,80.0
2022-07-31,Koto Tangah,AIR DINGIN,49,40,81.63
2022-07-31,Koto Tangah,LB.BUAYA,72,58,80.56
2022-07-31,Koto Tangah,IKUR KOTO,114,92,80.7
2022-07-31,Koto Tangah,ANAK AIR,37,30,81.08
2022-07-31,Koto Tangah,TUNGGUL HITAM,104,84,80.77
2022-08-31,Bungus Teluk Kabung,BUNGUS,55,44,80.0
2022-08-31,Lubuk Kilangan,LUBUK KILANGAN,99,82,82.83
2022-08-31,Lubuk Begalung,LUBUK BEGALUNG,92,74,80.43
2022-08-31,Lubuk Begalung,PEGAMBIRAN,98,79,80.61
2022-08-31,Padang Selatan,SEBERANG PADANG,103,83,80.58
2022-08-31,Padang Selatan,PEMANCUNGAN,63,51,80.95
2022-08-31,Padang Selatan,RAWANG,99,80,80.81
2022-08-31,Padang Timur,ANDALAS,91,76,83.52
2022-08-31,Padang Timur,PARAK KARAKAH,75,60,80.0
2022-08-31,Padang Barat,PADANG PASIR,57,48,84.21
2022-08-31,Padang Utara,ULAK KARANG,86,72,83.72
2022-08-31,Padang Utara,AIR TAWAR,118,95,80.51
2022-08-31,Padang Utara,ALAI,69,56,81.16
2022-08-31,Nanggalo,NANGGALO,113,91,80.53
2022-08-31,Nanggalo,LAPAI,73,59,80.82
2022-08-31,Kuranji,BELIMBING,94,76,80.85
2022-08-31,Kuranji,KURANJI,67,54,80.6
2022-08-31,Kuranji,AMBACANG,124,100,80.65
2022-08-31,Pauh,PAUH,65,52,80.0
2022-08-31,Koto Tangah,AIR DINGIN,99,80,80.81
2022-08-31,Koto Tangah,LB.BUAYA,89,72,80.9
2022-08-31,Koto Tangah,IKUR KOTO,137,110,80.29
2022-08-31,Koto Tangah,ANAK AIR,115,92,80.0
2022-08-31,Koto Tangah,TUNGGUL HITAM,100,80,80.0
2022-09-30,Bungus Teluk Kabung,BUNGUS,125,100,80.0
2022-09-30,Lubuk Kilangan,LUBUK KILANGAN,73,62,84.93
2022-09-30,Lubuk Begalung,LUBUK BEGALUNG,112,92,82.14
2022-09-30,Lubuk Begalung,PEGAMBIRAN,96,77,80.21
2022-09-30,Padang Selatan,SEBERANG PADANG,136,109,80.15
2022-09-30,Padang Selatan,PEMANCUNGAN,98,83,84.69
2022-09-30,Padang Selatan,RAWANG,74,60,81.08
2022-09-30,Padang Timur,ANDALAS,98,81,82.65
2022-09-30,Padang Timur,PARAK KARAKAH,92,74,80.43
2022-09-30,Padang Barat,PADANG PASIR,96,77,80.21
2022-09-30,Padang Utara,ULAK KARANG,94,76,80.85
2022-09-30,Padang Utara,AIR TAWAR,88,71,80.68
2022-09-30,Padang Utara,ALAI,58,47,81.03
2022-09-30,Nanggalo,NANGGALO,50,41,82
2022-09-30,Nanggalo,LAPAI,131,105,80.15
2022-09-30,Kuranji,BELIMBING,104,84,80.77
2022-09-30,Kuranji,KURANJI,135,108,80.0
2022-09-30,Kuranji,AMBACANG,62,50,80.65
2022-09-30,Pauh,PAUH,123,99,80.49
2022-09-30,Koto Tangah,AIR DINGIN,51,41,80.39
2022-09-30,Koto Tangah,LB.BUAYA,98,79,80.61
2022-09-30,Koto Tangah,IKUR KOTO,68,55,80.88
2022-09-30,Koto Tangah,ANAK AIR,81,69,85.19
2022-09-30,Koto Tangah,TUNGGUL HITAM,67,54,80.6
2022-10-31,Bungus Teluk Kabung,BUNGUS,130,104,80.0
2022-10-31,Lubuk Kilangan,LUBUK KILANGAN,110,92,83.64
2022-10-31,Lubuk Begalung,LUBUK BEGALUNG,119,96,80.67
2022-10-31,Lubuk Begalung,PEGAMBIRAN,109,88,80.73
2022-10-31,Padang Selatan,SEBERANG PADANG,85,68,80.0
2022-10-31,Padang Selatan,PEMANCUNGAN,78,63,80.77
2022-10-31,Padang Selatan,RAWANG,83,70,84.34
2022-10-31,Padang Timur,ANDALAS,127,102,80.31
2022-10-31,Padang Timur,PARAK KARAKAH,60,48,80.0
2022-10-31,Padang Barat,PADANG PASIR,52,42,80.77
2022-10-31,Padang Utara,ULAK KARANG,95,79,83.16
2022-10-31,Padang Utara,AIR TAWAR,68,55,80.88
2022-10-31,Padang Utara,ALAI,61,49,80.33
2022-10-31,Nanggalo,NANGGALO,89,74,83.15
2022-10-31,Nanggalo,LAPAI,61,49,80.33
2022-10-31,Kuranji,BELIMBING,99,80,80.81
2022-10-31,Kuranji,KURANJI,67,54,80.6
2022-10-31,Kuranji,AMBACANG,111,89,80.18
2022-10-31,Pauh,PAUH,53,43,81.13
2022-10-31,Koto Tangah,AIR DINGIN,89,72,80.9
2022-10-31,Koto Tangah,LB.BUAYA,51,41,80.39
2022-10-31,Koto Tangah,IKUR KOTO,58,47,81.03
2022-10-31,Koto Tangah,ANAK AIR,66,53,80.3
2022-10-31,Koto Tangah,TUNGGUL HITAM,47,38,80.85
2022-11-30,Bungus Teluk Kabung,BUNGUS,125,100,80.0
2022-11-30,Lubuk Kilangan,LUBUK KILANGAN,79,65,82.28
2022-11-30,Lubuk Begalung,LUBUK BEGALUNG,87,73,83.91
2022-11-30,Lubuk Begalung,PEGAMBIRAN,70,57,81.43
2022-11-30,Padang Selatan,SEBERANG PADANG,117,94,80.34
2022-11-30,Padang Selatan,PEMANCUNGAN,67,56,83.58
2022-11-30,Padang Selatan,RAWANG,79,64,81.01
2022-11-30,Padang Timur,ANDALAS,130,104,80.0
2022-11-30,Padang Timur,PARAK KARAKAH,72,58,80.56
2022-11-30,Padang Barat,PADANG PASIR,37,30,81.08
2022-11-30,Padang Utara,ULAK KARANG,82,66,80.49
2022-11-30,Padang Utara,AIR TAWAR,57,49,85.96
2022-11-30,Padang Utara,ALAI,51,41,80.39
2022-11-30,Nanggalo,NANGGALO,49,40,81.63
2022-11-30,Nanggalo,LAPAI,115,92,80.0
2022-11-30,Kuranji,BELIMBING,57,46,80.7
2022-11-30,Kuranji,KURANJI,91,73,80.22
2022-11-30,Kuranji,AMBACANG,126,101,80.16
2022-11-30,Pauh,PAUH,110,93,84.55
2022-11-30,Koto Tangah,AIR DINGIN,91,73,80.22
2022-11-30,Koto Tangah,LB.BUAYA,78,63,80.77
2022-11-30,Koto Tangah,IKUR KOTO,129,104,80.62
2022-11-30,Koto Tangah,ANAK AIR,98,79,80.61
2022-11-30,Koto Tangah,TUNGGUL HITAM,70,56,80.0
2022-12-31,Bungus Teluk Kabung,BUNGUS,132,106,80.3
2022-12-31,Lubuk Kilangan,LUBUK KILANGAN,123,99,80.49
2022-12-31,Lubuk Begalung,LUBUK BEGALUNG,129,104,80.62
2022-12-31,Lubuk Begalung,PEGAMBIRAN,124,100,80.65
2022-12-31,Padang Selatan,SEBERANG PADANG,118,95,80.51
2022-12-31,Padang Selatan,PEMANCUNGAN,108,87,80.56
2022-12-31,Padang Selatan,RAWANG,135,108,80.0
2022-12-31,Padang Timur,ANDALAS,84,68,80.95
2022-12-31,Padang Timur,PARAK KARAKAH,123,99,80.49
2022-12-31,Padang Barat,PADANG PASIR,110,88,80.0
2022-12-31,Padang Utara,ULAK KARANG,74,60,81.08
2022-12-31,Padang Utara,AIR TAWAR,75,63,84
2022-12-31,Padang Utara,ALAI,70,58,82.86
2022-12-31,Nanggalo,NANGGALO,95,78,82.11
2022-12-31,Nanggalo,LAPAI,105,84,80.0
2022-12-31,Kuranji,BELIMBING,79,64,81.01
2022-12-31,Kuranji,KURANJI,100,80,80.0
2022-12-31,Kuranji,AMBACANG,60,48,80.0
2022-12-31,Pauh,PAUH,128,103,80.47
2022-12-31,Koto Tangah,AIR DINGIN,98,79,80.61
2022-12-31,Koto Tangah,LB.BUAYA,42,35,83.33
2022-12-31,Koto Tangah,IKUR KOTO,50,40,80.0
2022-12-31,Koto Tangah,ANAK AIR,64,52,81.25
2022-12-31,Koto Tangah,TUNGGUL HITAM,118,95,80.51
2023-01-31,Bungus Teluk Kabung,BUNGUS,131,105,80.15
2023-01-31,Lubuk Kilangan,LUBUK KILANGAN,58,47,81.03
2023-01-31,Lubuk Begalung,LUBUK BEGALUNG,82,66,80.49
2023-01-31,Lubuk Begalung,PEGAMBIRAN,122,104,85.25
2023-01-31,Padang Selatan,SEBERANG PADANG,98,85,86.73
2023-01-31,Padang Selatan,PEMANCUNGAN,70,56,80.0
2023-01-31,Padang Selatan,RAWANG,120,96,80.0
2023-01-31,Padang Timur,ANDALAS,90,72,80.0
2023-01-31,Padang Timur,PARAK KARAKAH,110,88,80
2023-01-31,Padang Barat,PADANG PASIR,131,105,80.15
2023-01-31,Padang Utara,ULAK KARANG,147,118,80.27
2023-01-31,Padang Utara,AIR TAWAR,108,87,80.56
2023-01-31,Padang Utara,ALAI,86,69,80.23
2023-01-31,Nanggalo,NANGGALO,119,101,84.87
2023-01-31,Nanggalo,LAPAI,90,72,80.0
2023-01-31,Kuranji,BELIMBING,128,106,82.81
2023-01-31,Kuranji,KURANJI,56,48,85.71
2023-01-31,Kuranji,AMBACANG,72,64,88.89
2023-01-31,Pauh,PAUH,124,100,80.65
2023-01-31,Koto Tangah,AIR DINGIN,110,88,80.0
2023-01-31,Koto Tangah,LB.BUAYA,133,107,80.45
2023-01-31,Koto Tangah,IKUR KOTO,42,34,80.95
2023-01-31,Koto Tangah,ANAK AIR,128,105,82.03
2023-01-31,Koto Tangah,TUNGGUL HITAM,51,41,80.39
2023-02-28,Bungus Teluk Kabung,BUNGUS,133,107,80.45
2023-02-28,Lubuk Kilangan,LUBUK KILANGAN,89,72,80.9
2023-02-28,Lubuk Begalung,LUBUK BEGALUNG,58,50,86.21
2023-02-28,Lubuk Begalung,PEGAMBIRAN,66,54,81.82
2023-02-28,Padang Selatan,SEBERANG PADANG,98,79,80.61
2023-02-28,Padang Selatan,PEMANCUNGAN,139,112,80.58
2023-02-28,Padang Selatan,RAWANG,128,103,80.47
2023-02-28,Padang Timur,ANDALAS,95,76,80.0
2023-02-28,Padang Timur,PARAK KARAKAH,80,64,80.0
2023-02-28,Padang Barat,PADANG PASIR,88,71,80.68
2023-02-28,Padang Utara,ULAK KARANG,117,94,80.34
2023-02-28,Padang Utara,AIR TAWAR,67,56,83.58
2023-02-28,Padang Utara,ALAI,124,100,80.65
2023-02-28,Nanggalo,NANGGALO,116,93,80.17
2023-02-28,Nanggalo,LAPAI,87,70,80.46
2023-02-28,Kuranji,BELIMBING,112,90,80.36
2023-02-28,Kuranji,KURANJI,141,120,85.11
2023-02-28,Kuranji,AMBACANG,77,62,80.52
2023-02-28,Pauh,PAUH,78,63,80.77
2023-02-28,Koto Tangah,AIR DINGIN,50,44,88
2023-02-28,Koto Tangah,LB.BUAYA,80,64,80.0
2023-02-28,Koto Tangah,IKUR KOTO,97,81,83.51
2023-02-28,Koto Tangah,ANAK AIR,69,59,85.51
2023-02-28,Koto Tangah,TUNGGUL HITAM,122,109,89.34
2023-03-31,Bungus Teluk Kabung,BUNGUS,129,104,80.62
2023-03-31,Lubuk Kilangan,LUBUK KILANGAN,149,133,89.26
2023-03-31,Lubuk Begalung,LUBUK BEGALUNG,112,90,80.36
2023-03-31,Lubuk Begalung,PEGAMBIRAN,126,104,82.54
2023-03-31,Padang Selatan,SEBERANG PADANG,94,76,80.85
2023-03-31,Padang Selatan,PEMANCUNGAN,111,89,80.18
2023-03-31,Padang Selatan,RAWANG,83,75,90.36
2023-03-31,Padang Timur,ANDALAS,85,68,80
2023-03-31,Padang Timur,PARAK KARAKAH,67,54,80.6
2023-03-31,Padang Barat,PADANG PASIR,75,60,80.0
2023-03-31,Padang Utara,ULAK KARANG,52,42,80.77
2023-03-31,Padang Utara,AIR TAWAR,55,44,80.0
2023-03-31,Padang Utara,ALAI,82,66,80.49
2023-03-31,Nanggalo,NANGGALO,143,115,80.42
2023-03-31,Nanggalo,LAPAI,77,62,80.52
2023-03-31,Kuranji,BELIMBING,103,83,80.58
2023-03-31,Kuranji,KURANJI,57,51,89.47
2023-03-31,Kuranji,AMBACANG,145,116,80.0
2023-03-31,Pauh,PAUH,44,36,81.82
2023-03-31,Koto Tangah,AIR DINGIN,45,36,80.0
2023-03-31,Koto Tangah,LB.BUAYA,142,127,89.44
2023-03-31,Koto Tangah,IKUR KOTO,81,65,80.25
2023-03-31,Koto Tangah,ANAK AIR,102,82,80.39
2023-03-31,Koto Tangah,TUNGGUL HITAM,75,60,80.0
2023-04-30,Bungus Teluk Kabung,BUNGUS,70,56,80.0
2023-04-30,Lubuk Kilangan,LUBUK KILANGAN,138,111,80.43
2023-04-30,Lubuk Begalung,LUBUK BEGALUNG,86,69,80.23
2023-04-30,Lubuk Begalung,PEGAMBIRAN,61,49,80.33
2023-04-30,Padang Selatan,SEBERANG PADANG,97,78,80.41
2023-04-30,Padang Selatan,PEMANCUNGAN,97,78,80.41
2023-04-30,Padang Selatan,RAWANG,144,116,80.56
2023-04-30,Padang Timur,ANDALAS,138,111,80.43
2023-04-30,Padang Timur,PARAK KARAKAH,112,90,80.36
2023-04-30,Padang Barat,PADANG PASIR,93,75,80.65
2023-04-30,Padang Utara,ULAK KARANG,76,66,86.84
2023-04-30,Padang Utara,AIR TAWAR,58,48,82.76
2023-04-30,Padang Utara,ALAI,128,103,80.47
2023-04-30,Nanggalo,NANGGALO,150,120,80.0
2023-04-30,Nanggalo,LAPAI,128,112,87.5
2023-04-30,Kuranji,BELIMBING,128,103,80.47
2023-04-30,Kuranji,KURANJI,116,93,80.17
2023-04-30,Kuranji,AMBACANG,105,84,80.0
2023-04-30,Pauh,PAUH,83,67,80.72
2023-04-30,Koto Tangah,AIR DINGIN,129,104,80.62
2023-04-30,Koto Tangah,LB.BUAYA,114,92,80.7
2023-04-30,Koto Tangah,IKUR KOTO,107,86,80.37
2023-04-30,Koto Tangah,ANAK AIR,129,104,80.62
2023-04-30,Koto Tangah,TUNGGUL HITAM,57,49,85.96
2023-05-31,Bungus Teluk Kabung,BUNGUS,122,98,80.33
2023-05-31,Lubuk Kilangan,LUBUK KILANGAN,83,67,80.72
2023-05-31,Lubuk Begalung,LUBUK BEGALUNG,82,66,80.49
2023-05-31,Lubuk Begalung,PEGAMBIRAN,64,52,81.25
2023-05-31,Padang Selatan,SEBERANG PADANG,145,116,80.0
2023-05-31,Padang Selatan,PEMANCUNGAN,53,43,81.13
2023-05-31,Padang Selatan,RAWANG,52,42,80.77
2023-05-31,Padang Timur,ANDALAS,140,112,80.0
2023-05-31,Padang Timur,PARAK KARAKAH,68,55,80.88
2023-05-31,Padang Barat,PADANG PASIR,68,55,80.88
2023-05-31,Padang Utara,ULAK KARANG,72,60,83.33
2023-05-31,Padang Utara,AIR TAWAR,59,48,81.36
2023-05-31,Padang Utara,ALAI,118,95,80.51
2023-05-31,Nanggalo,NANGGALO,93,75,80.65
2023-05-31,Nanggalo,LAPAI,95,76,80.0
2023-05-31,Kuranji,BELIMBING,127,114,89.76
2023-05-31,Kuranji,KURANJI,50,40,80.0
2023-05-31,Kuranji,AMBACANG,145,116,80.0
2023-05-31,Pauh,PAUH,120,96,80.0
2023-05-31,Koto Tangah,AIR DINGIN,81,65,80.25
2023-05-31,Koto Tangah,LB.BUAYA,108,87,80.56
2023-05-31,Koto Tangah,IKUR KOTO,129,104,80.62
2023-05-31,Koto Tangah,ANAK AIR,116,93,80.17
2023-05-31,Koto Tangah,TUNGGUL HITAM,47,38,80.85
2023-06-30,Bungus Teluk Kabung,BUNGUS,58,47,81.03
2023-06-30,Lubuk Kilangan,LUBUK KILANGAN,74,60,81.08
2023-06-30,Lubuk Begalung,LUBUK BEGALUNG,109,90,82.57
2023-06-30,Lubuk Begalung,PEGAMBIRAN,123,99,80.49
2023-06-30,Padang Selatan,SEBERANG PADANG,117,94,80.34
2023-06-30,Padang Selatan,PEMANCUNGAN,76,61,80.26
2023-06-30,Padang Selatan,RAWANG,102,84,82.35
2023-06-30,Padang Timur,ANDALAS,56,45,80.36
2023-06-30,Padang Timur,PARAK KARAKAH,131,107,81.68
2023-06-30,Padang Barat,PADANG PASIR,131,105,80.15
2023-06-30,Padang Utara,ULAK KARANG,47,39,82.98
2023-06-30,Padang Utara,AIR TAWAR,103,83,80.58
2023-06-30,Padang Utara,ALAI,87,70,80.46
2023-06-30,Nanggalo,NANGGALO,61,49,80.33
2023-06-30,Nanggalo,LAPAI,134,108,80.6
2023-06-30,Kuranji,BELIMBING,103,87,84.47
2023-06-30,Kuranji,KURANJI,121,100,82.64
2023-06-30,Kuranji,AMBACANG,154,124,80.52
2023-06-30,Pauh,PAUH,64,52,81.25
2023-06-30,Koto Tangah,AIR DINGIN,118,104,88.14
2023-06-30,Koto Tangah,LB.BUAYA,119,96,80.67
2023-06-30,Koto Tangah,IKUR KOTO,46,37,80.43
2023-06-30,Koto Tangah,ANAK AIR,136,119,87.5
2023-06-30,Koto Tangah,TUNGGUL HITAM,91,73,80.22
2023-07-31,Bungus Teluk Kabung,BUNGUS,126,101,80.16
2023-07-31,Lubuk Kilangan,LUBUK KILANGAN,65,52,80.0
2023-07-31,Lubuk Begalung,LUBUK BEGALUNG,85,68,80.0
2023-07-31,Lubuk Begalung,PEGAMBIRAN,58,47,81.03
2023-07-31,Padang Selatan,SEBERANG PADANG,89,72,80.9
2023-07-31,Padang Selatan,PEMANCUNGAN,69,56,81.16
2023-07-31,Padang Selatan,RAWANG,120,98,81.67
2023-07-31,Padang Timur,ANDALAS,79,64,81.01
2023-07-31,Padang Timur,PARAK KARAKAH,47,38,80.85
2023-07-31,Padang Barat,PADANG PASIR,115,94,81.74
2023-07-31,Padang Utara,ULAK KARANG,64,56,87.5
2023-07-31,Padang Utara,AIR TAWAR,139,112,80.58
2023-07-31,Padang Utara,ALAI,132,107,81.06
2023-07-31,Nanggalo,NANGGALO,88,72,81.82
2023-07-31,Nanggalo,LAPAI,47,39,82.98
2023-07-31,Kuranji,BELIMBING,111,89,80.18
2023-07-31,Kuranji,KURANJI,118,98,83.05
2023-07-31,Kuranji,AMBACANG,86,69,80.23
2023-07-31,Pauh,PAUH,138,116,84.06
2023-07-31,Koto Tangah,AIR DINGIN,86,69,80.23
2023-07-31,Koto Tangah,LB.BUAYA,138,121,87.68
2023-07-31,Koto Tangah,IKUR KOTO,86,77,89.53
2023-07-31,Koto Tangah,ANAK AIR,64,52,81.25
2023-07-31,Koto Tangah,TUNGGUL HITAM,103,83,80.58
2023-08-31,Bungus Teluk Kabung,BUNGUS,87,70,80.46
2023-08-31,Lubuk Kilangan,LUBUK KILANGAN,86,70,81.4
2023-08-31,Lubuk Begalung,LUBUK BEGALUNG,143,115,80.42
2023-08-31,Lubuk Begalung,PEGAMBIRAN,137,112,81.75
2023-08-31,Padang Selatan,SEBERANG PADANG,64,52,81.25
2023-08-31,Padang Selatan,PEMANCUNGAN,135,108,80.0
2023-08-31,Padang Selatan,RAWANG,70,56,80.0
2023-08-31,Padang Timur,ANDALAS,140,124,88.57
2023-08-31,Padang Timur,PARAK KARAKAH,48,39,81.25
2023-08-31,Padang Barat,PADANG PASIR,129,104,80.62
2023-08-31,Padang Utara,ULAK KARANG,89,79,88.76
2023-08-31,Padang Utara,AIR TAWAR,81,65,80.25
2023-08-31,Padang Utara,ALAI,94,84,89.36
2023-08-31,Nanggalo,NANGGALO,56,50,89.29
2023-08-31,Nanggalo,LAPAI,133,107,80.45
2023-08-31,Kuranji,BELIMBING,49,40,81.63
2023-08-31,Kuranji,KURANJI,117,100,85.47
2023-08-31,Kuranji,AMBACANG,115,92,80.0
2023-08-31,Pauh,PAUH,110,88,80.0
2023-08-31,Koto Tangah,AIR DINGIN,130,105,80.77
2023-08-31,Koto Tangah,LB.BUAYA,50,41,82
2023-08-31,Koto Tangah,IKUR KOTO,115,100,86.96
2023-08-31,Koto Tangah,ANAK AIR,68,55,80.88
2023-08-31,Koto Tangah,TUNGGUL HITAM,54,48,88.89
2023-09-30,Bungus Teluk Kabung,BUNGUS,103,83,80.58
2023-09-30,Lubuk Kilangan,LUBUK KILANGAN,144,116,80.56
2023-09-30,Lubuk Begalung,LUBUK BEGALUNG,137,110,80.29
2023-09-30,Lubuk Begalung,PEGAMBIRAN,130,105,80.77
2023-09-30,Padang Selatan,SEBERANG PADANG,59,52,88.14
2023-09-30,Padang Selatan,PEMANCUNGAN,145,119,82.07
2023-09-30,Padang Selatan,RAWANG,110,98,89.09
2023-09-30,Padang Timur,ANDALAS,73,59,80.82
2023-09-30,Padang Timur,PARAK KARAKAH,69,56,81.16
2023-09-30,Padang Barat,PADANG PASIR,46,37,80.43
2023-09-30,Padang Utara,ULAK KARANG,138,111,80.43
2023-09-30,Padang Utara,AIR TAWAR,59,48,81.36
2023-09-30,Padang Utara,ALAI,73,59,80.82
2023-09-30,Nanggalo,NANGGALO,57,46,80.7
2023-09-30,Nanggalo,LAPAI,68,55,80.88
2023-09-30,Kuranji,BELIMBING,145,116,80
2023-09-30,Kuranji,KURANJI,68,59,86.76
2023-09-30,Kuranji,AMBACANG,106,85,80.19
2023-09-30,Pauh,PAUH,105,84,80.0
2023-09-30,Koto Tangah,AIR DINGIN,94,76,80.85
2023-09-30,Koto Tangah,LB.BUAYA,75,60,80.0
2023-09-30,Koto Tangah,IKUR KOTO,60,48,80.0
2023-09-30,Koto Tangah,ANAK AIR,106,85,80.19
2023-09-30,Koto Tangah,TUNGGUL HITAM,109,97,88.99
2023-10-31,Bungus Teluk Kabung,BUNGUS,96,77,80.21
2023-10-31,Lubuk Kilangan,LUBUK KILANGAN,67,55,82.09
2023-10-31,Lubuk Begalung,LUBUK BEGALUNG,48,39,81.25
2023-10-31,Lubuk Begalung,PEGAMBIRAN,92,75,81.52
2023-10-31,Padang Selatan,SEBERANG PADANG,131,105,80.15
2023-10-31,Padang Selatan,PEMANCUNGAN,67,55,82.09
2023-10-31,Padang Selatan,RAWANG,82,71,86.59
2023-10-31,Padang Timur,ANDALAS,88,71,80.68
2023-10-31,Padang Timur,PARAK KARAKAH,80,64,80.0
2023-10-31,Padang Barat,PADANG PASIR,91,74,81.32
2023-10-31,Padang Utara,ULAK KARANG,74,61,82.43
2023-10-31,Padang Utara,AIR TAWAR,91,73,80.22
2023-10-31,Padang Utara,ALAI,114,92,80.7
2023-10-31,Nanggalo,NANGGALO,74,60,81.08
2023-10-31,Nanggalo,LAPAI,104,84,80.77
2023-10-31,Kuranji,BELIMBING,79,64,81.01
2023-10-31,Kuranji,KURANJI,73,59,80.82
2023-10-31,Kuranji,AMBACANG,65,53,81.54
2023-10-31,Pauh,PAUH,75,60,80.0
2023-10-31,Koto Tangah,AIR DINGIN,61,51,83.61
2023-10-31,Koto Tangah,LB.BUAYA,52,46,88.46
2023-10-31,Koto Tangah,IKUR KOTO,118,103,87.29
2023-10-31,Koto Tangah,ANAK AIR,68,59,86.76
2023-10-31,Koto Tangah,TUNGGUL HITAM,92,74,80.43
2023-11-30,Bungus Teluk Kabung,BUNGUS,134,108,80.6
2023-11-30,Lubuk Kilangan,LUBUK KILANGAN,85,68,80.0
2023-11-30,Lubuk Begalung,LUBUK BEGALUNG,92,74,80.43
2023-11-30,Lubuk Begalung,PEGAMBIRAN,149,120,80.54
2023-11-30,Padang Selatan,SEBERANG PADANG,75,60,80.0
2023-11-30,Padang Selatan,PEMANCUNGAN,92,74,80.43
2023-11-30,Padang Selatan,RAWANG,136,109,80.15
2023-11-30,Padang Timur,ANDALAS,147,118,80.27
2023-11-30,Padang Timur,PARAK KARAKAH,87,70,80.46
2023-11-30,Padang Barat,PADANG PASIR,66,53,80.3
2023-11-30,Padang Utara,ULAK KARANG,77,62,80.52
2023-11-30,Padang Utara,AIR TAWAR,96,77,80.21
2023-11-30,Padang Utara,ALAI,111,93,83.78
2023-11-30,Nanggalo,NANGGALO,69,56,81.16
2023-11-30,Nanggalo,LAPAI,103,83,80.58
2023-11-30,Kuranji,BELIMBING,138,111,80.43
2023-11-30,Kuranji,KURANJI,139,112,80.58
2023-11-30,Kuranji,AMBACANG,128,103,80.47
2023-11-30,Pauh,PAUH,81,65,80.25
2023-11-30,Koto Tangah,AIR DINGIN,116,97,83.62
2023-11-30,Koto Tangah,LB.BUAYA,123,99,80.49
2023-11-30,Koto Tangah,IKUR KOTO,134,108,80.6
2023-11-30,Koto Tangah,ANAK AIR,131,110,83.97
2023-11-30,Koto Tangah,TUNGGUL HITAM,123,99,80.49
2023-12-31,Bungus Teluk Kabung,BUNGUS,110,88,80.0
2023-12-31,Lubuk Kilangan,LUBUK KILANGAN,113,93,82.3
2023-12-31,Lubuk Begalung,LUBUK BEGALUNG,111,89,80.18
2023-12-31,Lubuk Begalung,PEGAMBIRAN,92,74,80.43
2023-12-31,Padang Selatan,SEBERANG PADANG,57,46,80.7
2023-12-31,Padang Selatan,PEMANCUNGAN,138,111,80.43
2023-12-31,Padang Selatan,RAWANG,63,51,80.95
2023-12-31,Padang Timur,ANDALAS,97,78,80.41
2023-12-31,Padang Timur,PARAK KARAKAH,93,75,80.65
2023-12-31,Padang Barat,PADANG PASIR,72,58,80.56
2023-12-31,Padang Utara,ULAK KARANG,107,92,85.98
2023-12-31,Padang Utara,AIR TAWAR,150,120,80.0
2023-12-31,Padang Utara,ALAI,127,102,80.31
2023-12-31,Nanggalo,NANGGALO,95,76,80.0
2023-12-31,Nanggalo,LAPAI,77,62,80.52
2023-12-31,Kuranji,BELIMBING,59,48,81.36
2023-12-31,Kuranji,KURANJI,86,69,80.23
2023-12-31,Kuranji,AMBACANG,59,48,81.36
2023-12-31,Pauh,PAUH,83,73,87.95
2023-12-31,Koto Tangah,AIR DINGIN,124,100,80.65
2023-12-31,Koto Tangah,LB.BUAYA,94,76,80.85
2023-12-31,Koto Tangah,IKUR KOTO,54,47,87.04
2023-12-31,Koto Tangah,ANAK AIR,131,105,80.15
2023-12-31,Koto Tangah,TUNGGUL HITAM,50,40,80.0
2024-01-31,Bungus Teluk Kabung,BUNGUS,74,61,82.43
2024-01-31,Lubuk Kilangan,LUBUK KILANGAN,66,53,80.3
2024-01-31,Lubuk Begalung,LUBUK BEGALUNG,129,104,80.62
2024-01-31,Lubuk Begalung,PEGAMBIRAN,109,88,80.73
2024-01-31,Padang Selatan,SEBERANG PADANG,85,78,91.76
2024-01-31,Padang Selatan,PEMANCUNGAN,124,100,80.65
2024-01-31,Padang Selatan,RAWANG,118,95,80.51
2024-01-31,Padang Timur,ANDALAS,94,76,80.85
2024-01-31,Padang Timur,PARAK KARAKAH,71,57,80.28
2024-01-31,Padang Barat,PADANG PASIR,137,114,83.21
2024-01-31,Padang Utara,ULAK KARANG,94,76,80.85
2024-01-31,Padang Utara,AIR TAWAR,115,92,80.0
2024-01-31,Padang Utara,ALAI,97,84,86.6
2024-01-31,Nanggalo,NANGGALO,130,106,81.54
2024-01-31,Nanggalo,LAPAI,60,53,88.33
2024-01-31,Kuranji,BELIMBING,140,112,80.0
2024-01-31,Kuranji,KURANJI,125,106,84.8
2024-01-31,Kuranji,AMBACANG,67,54,80.6
2024-01-31,Pauh,PAUH,129,104,80.62
2024-01-31,Koto Tangah,AIR DINGIN,147,128,87.07
2024-01-31,Koto Tangah,LB.BUAYA,145,116,80.0
2024-01-31,Koto Tangah,IKUR KOTO,76,61,80.26
2024-01-31,Koto Tangah,ANAK AIR,123,99,80.49
2024-01-31,Koto Tangah,TUNGGUL HITAM,138,111,80.43
2024-02-29,Bungus Teluk Kabung,BUNGUS,71,57,80.28
2024-02-29,Lubuk Kilangan,LUBUK KILANGAN,121,102,84.3
2024-02-29,Lubuk Begalung,LUBUK BEGALUNG,147,118,80.27
2024-02-29,Lubuk Begalung,PEGAMBIRAN,75,60,80.0
2024-02-29,Padang Selatan,SEBERANG PADANG,109,98,89.91
2024-02-29,Padang Selatan,PEMANCUNGAN,105,84,80.0
2024-02-29,Padang Selatan,RAWANG,131,114,87.02
2024-02-29,Padang Timur,ANDALAS,59,48,81.36
2024-02-29,Padang Timur,PARAK KARAKAH,135,108,80.0
2024-02-29,Padang Barat,PADANG PASIR,139,112,80.58
2024-02-29,Padang Utara,ULAK KARANG,76,61,80.26
2024-02-29,Padang Utara,AIR TAWAR,135,108,80.0
2024-02-29,Padang Utara,ALAI,117,94,80.34
2024-02-29,Nanggalo,NANGGALO,85,68,80.0
2024-02-29,Nanggalo,LAPAI,113,94,83.19
2024-02-29,Kuranji,BELIMBING,55,45,81.82
2024-02-29,Kuranji,KURANJI,68,55,80.88
2024-02-29,Kuranji,AMBACANG,144,120,83.33
2024-02-29,Pauh,PAUH,59,48,81.36
2024-02-29,Koto Tangah,AIR DINGIN,98,81,82.65
2024-02-29,Koto Tangah,LB.BUAYA,101,91,90.1
2024-02-29,Koto Tangah,IKUR KOTO,61,49,80.33
2024-02-29,Koto Tangah,ANAK AIR,128,103,80.47
2024-02-29,Koto Tangah,TUNGGUL HITAM,118,95,80.51
2024-03-31,Bungus Teluk Kabung,BUNGUS,82,66,80.49
2024-03-31,Lubuk Kilangan,LUBUK KILANGAN,123,99,80.49
2024-03-31,Lubuk Begalung,LUBUK BEGALUNG,153,123,80.39
2024-03-31,Lubuk Begalung,PEGAMBIRAN,87,70,80.46
2024-03-31,Padang Selatan,SEBERANG PADANG,123,111,90.24
2024-03-31,Padang Selatan,PEMANCUNGAN,158,140,88.61
2024-03-31,Padang Selatan,RAWANG,130,104,80.0
2024-03-31,Padang Timur,ANDALAS,136,117,86.03
2024-03-31,Padang Timur,PARAK KARAKAH,99,87,87.88
2024-03-31,Padang Barat,PADANG PASIR,62,50,80.65
2024-03-31,Padang Utara,ULAK KARANG,95,82,86.32
2024-03-31,Padang Utara,AIR TAWAR,131,105,80.15
2024-03-31,Padang Utara,ALAI,71,63,88.73
2024-03-31,Nanggalo,NANGGALO,49,40,81.63
2024-03-31,Nanggalo,LAPAI,105,84,80.0
2024-03-31,Kuranji,BELIMBING,77,66,85.71
2024-03-31,Kuranji,KURANJI,62,50,80.65
2024-03-31,Kuranji,AMBACANG,128,103,80.47
2024-03-31,Pauh,PAUH,128,115,89.84
2024-03-31,Koto Tangah,AIR DINGIN,119,105,88.24
2024-03-31,Koto Tangah,LB.BUAYA,81,65,80.25
2024-03-31,Koto Tangah,IKUR KOTO,144,116,80.56
2024-03-31,Koto Tangah,ANAK AIR,136,109,80.15
2024-03-31,Koto Tangah,TUNGGUL HITAM,85,69,81.18
2024-04-30,Bungus Teluk Kabung,BUNGUS,116,95,81.9
2024-04-30,Lubuk Kilangan,LUBUK KILANGAN,95,76,80.0
2024-04-30,Lubuk Begalung,LUBUK BEGALUNG,153,123,80.39
2024-04-30,Lubuk Begalung,PEGAMBIRAN,96,77,80.21
2024-04-30,Padang Selatan,SEBERANG PADANG,153,123,80.39
2024-04-30,Padang Selatan,PEMANCUNGAN,121,107,88.43
2024-04-30,Padang Selatan,RAWANG,83,67,80.72
2024-04-30,Padang Timur,ANDALAS,75,68,90.67
2024-04-30,Padang Timur,PARAK KARAKAH,69,56,81.16
2024-04-30,Padang Barat,PADANG PASIR,56,45,80.36
2024-04-30,Padang Utara,ULAK KARANG,71,57,80.28
2024-04-30,Padang Utara,AIR TAWAR,117,94,80.34
2024-04-30,Padang Utara,ALAI,68,60,88.24
2024-04-30,Nanggalo,NANGGALO,121,97,80.17
2024-04-30,Nanggalo,LAPAI,98,79,80.61
2024-04-30,Kuranji,BELIMBING,121,109,90.08
2024-04-30,Kuranji,KURANJI,123,99,80.49
2024-04-30,Kuranji,AMBACANG,93,75,80.65
2024-04-30,Pauh,PAUH,105,84,80.0
2024-04-30,Koto Tangah,AIR DINGIN,77,62,80.52
2024-04-30,Koto Tangah,LB.BUAYA,88,75,85.23
2024-04-30,Koto Tangah,IKUR KOTO,135,108,80.0
2024-04-30,Koto Tangah,ANAK AIR,110,88,80.0
2024-04-30,Koto Tangah,TUNGGUL HITAM,85,68,80.0
2024-05-31,Bungus Teluk Kabung,BUNGUS,85,68,80.0
2024-05-31,Lubuk Kilangan,LUBUK KILANGAN,68,55,80.88
2024-05-31,Lubuk Begalung,LUBUK BEGALUNG,93,75,80.65
2024-05-31,Lubuk Begalung,PEGAMBIRAN,107,93,86.92
2024-05-31,Padang Selatan,SEBERANG PADANG,131,105,80.15
2024-05-31,Padang Selatan,PEMANCUNGAN,77,69,89.61
2024-05-31,Padang Selatan,RAWANG,102,82,80.39
2024-05-31,Padang Timur,ANDALAS,109,88,80.73
2024-05-31,Padang Timur,PARAK KARAKAH,45,39,86.67
2024-05-31,Padang Barat,PADANG PASIR,72,63,87.5
2024-05-31,Padang Utara,ULAK KARANG,48,39,81.25
2024-05-31,Padang Utara,AIR TAWAR,102,93,91.18
2024-05-31,Padang Utara,ALAI,113,91,80.53
2024-05-31,Nanggalo,NANGGALO,103,83,80.58
2024-05-31,Nanggalo,LAPAI,66,53,80.3
2024-05-31,Kuranji,BELIMBING,62,50,80.65
2024-05-31,Kuranji,KURANJI,75,60,80.0
2024-05-31,Kuranji,AMBACANG,121,97,80.17
2024-05-31,Pauh,PAUH,152,122,80.26
2024-05-31,Koto Tangah,AIR DINGIN,84,68,80.95
2024-05-31,Koto Tangah,LB.BUAYA,64,58,90.62
2024-05-31,Koto Tangah,IKUR KOTO,119,109,91.6
2024-05-31,Koto Tangah,ANAK AIR,135,108,80.0
2024-05-31,Koto Tangah,TUNGGUL HITAM,99,80,80.81
2024-06-30,Bungus Teluk Kabung,BUNGUS,79,65,82.28
2024-06-30,Lubuk Kilangan,LUBUK KILANGAN,103,83,80.58
2024-06-30,Lubuk Begalung,LUBUK BEGALUNG,135,112,82.96
2024-06-30,Lubuk Begalung,PEGAMBIRAN,65,52,80.0
2024-06-30,Padang Selatan,SEBERANG PADANG,43,35,81.4
2024-06-30,Padang Selatan,PEMANCUNGAN,130,104,80.0
2024-06-30,Padang Selatan,RAWANG,57,48,84.21
2024-06-30,Padang Timur,ANDALAS,61,49,80.33
2024-06-30,Padang Timur,PARAK KARAKAH,137,110,80.29
2024-06-30,Padang Barat,PADANG PASIR,78,63,80.77
2024-06-30,Padang Utara,ULAK KARANG,117,101,86.32
2024-06-30,Padang Utara,AIR TAWAR,138,111,80.43
2024-06-30,Padang Utara,ALAI,118,100,84.75
2024-06-30,Nanggalo,NANGGALO,62,55,88.71
2024-06-30,Nanggalo,LAPAI,129,109,84.5
2024-06-30,Kuranji,BELIMBING,66,58,87.88
2024-06-30,Kuranji,KURANJI,161,136,84.47
2024-06-30,Kuranji,AMBACANG,103,83,80.58
2024-06-30,Pauh,PAUH,156,125,80.13
2024-06-30,Koto Tangah,AIR DINGIN,104,84,80.77
2024-06-30,Koto Tangah,LB.BUAYA,91,73,80.22
2024-06-30,Koto Tangah,IKUR KOTO,101,86,85.15
2024-06-30,Koto Tangah,ANAK AIR,114,92,80.7
2024-06-30,Koto Tangah,TUNGGUL HITAM,99,80,80.81
2024-07-31,Bungus Teluk Kabung,BUNGUS,112,90,80.36
2024-07-31,Lubuk Kilangan,LUBUK KILANGAN,61,49,80.33
2024-07-31,Lubuk Begalung,LUBUK BEGALUNG,92,74,80.43
2024-07-31,Lubuk Begalung,PEGAMBIRAN,118,104,88.14
2024-07-31,Padang Selatan,SEBERANG PADANG,133,117,87.97
2024-07-31,Padang Selatan,PEMANCUNGAN,97,78,80.41
2024-07-31,Padang Selatan,RAWANG,143,115,80.42
2024-07-31,Padang Timur,ANDALAS,72,58,80.56
2024-07-31,Padang Timur,PARAK KARAKAH,140,112,80.0
2024-07-31,Padang Barat,PADANG PASIR,91,79,86.81
2024-07-31,Padang Utara,ULAK KARANG,72,58,80.56
2024-07-31,Padang Utara,AIR TAWAR,122,101,82.79
2024-07-31,Padang Utara,ALAI,75,60,80.0
2024-07-31,Nanggalo,NANGGALO,114,92,80.7
2024-07-31,Nanggalo,LAPAI,96,85,88.54
2024-07-31,Kuranji,BELIMBING,53,43,81.13
2024-07-31,Kuranji,KURANJI,88,71,80.68
2024-07-31,Kuranji,AMBACANG,89,72,80.9
2024-07-31,Pauh,PAUH,47,38,80.85
2024-07-31,Koto Tangah,AIR DINGIN,113,91,80.53
2024-07-31,Koto Tangah,LB.BUAYA,125,106,84.8
2024-07-31,Koto Tangah,IKUR KOTO,90,74,82.22
2024-07-31,Koto Tangah,ANAK AIR,96,80,83.33
2024-07-31,Koto Tangah,TUNGGUL HITAM,113,91,80.53
2024-08-31,Bungus Teluk Kabung,BUNGUS,150,120,80.0
2024-08-31,Lubuk Kilangan,LUBUK KILANGAN,96,77,80.21
2024-08-31,Lubuk Begalung,LUBUK BEGALUNG,142,114,80.28
2024-08-31,Lubuk Begalung,PEGAMBIRAN,102,82,80.39
2024-08-31,Padang Selatan,SEBERANG PADANG,92,74,80.43
2024-08-31,Padang Selatan,PEMANCUNGAN,137,110,80.29
2024-08-31,Padang Selatan,RAWANG,107,86,80.37
2024-08-31,Padang Timur,ANDALAS,118,95,80.51
2024-08-31,Padang Timur,PARAK KARAKAH,77,62,80.52
2024-08-31,Padang Barat,PADANG PASIR,59,48,81.36
2024-08-31,Padang Utara,ULAK KARANG,108,87,80.56
2024-08-31,Padang Utara,AIR TAWAR,79,64,81.01
2024-08-31,Padang Utara,ALAI,83,67,80.72
2024-08-31,Nanggalo,NANGGALO,130,118,90.77
2024-08-31,Nanggalo,LAPAI,122,98,80.33
2024-08-31,Kuranji,BELIMBING,134,109,81.34
2024-08-31,Kuranji,KURANJI,108,87,80.56
2024-08-31,Kuranji,AMBACANG,75,60,80.0
2024-08-31,Pauh,PAUH,60,48,80.0
2024-08-31,Koto Tangah,AIR DINGIN,100,80,80.0
2024-08-31,Koto Tangah,LB.BUAYA,95,76,80.0
2024-08-31,Koto Tangah,IKUR KOTO,78,63,80.77
2024-08-31,Koto Tangah,ANAK AIR,48,39,81.25
2024-08-31,Koto Tangah,TUNGGUL HITAM,97,78,80.41
2024-09-30,Bungus Teluk Kabung,BUNGUS,89,72,80.9
2024-09-30,Lubuk Kilangan,LUBUK KILANGAN,113,100,88.5
2024-09-30,Lubuk Begalung,LUBUK BEGALUNG,78,63,80.77
2024-09-30,Lubuk Begalung,PEGAMBIRAN,83,67,80.72
2024-09-30,Padang Selatan,SEBERANG PADANG,129,117,90.7
2024-09-30,Padang Selatan,PEMANCUNGAN,128,117,91.41
2024-09-30,Padang Selatan,RAWANG,92,74,80.43
2024-09-30,Padang Timur,ANDALAS,101,89,88.12
2024-09-30,Padang Timur,PARAK KARAKAH,67,56,83.58
2024-09-30,Padang Barat,PADANG PASIR,108,87,80.56
2024-09-30,Padang Utara,ULAK KARANG,72,58,80.56
2024-09-30,Padang Utara,AIR TAWAR,100,80,80.0
2024-09-30,Padang Utara,ALAI,71,64,90.14
2024-09-30,Nanggalo,NANGGALO,75,60,80.0
2024-09-30,Nanggalo,LAPAI,146,117,80.14
2024-09-30,Kuranji,BELIMBING,67,54,80.6
2024-09-30,Kuranji,KURANJI,60,50,83.33
2024-09-30,Kuranji,AMBACANG,105,84,80.0
2024-09-30,Pauh,PAUH,95,76,80.0
2024-09-30,Koto Tangah,AIR DINGIN,89,72,80.9
2024-09-30,Koto Tangah,LB.BUAYA,149,123,82.55
2024-09-30,Koto Tangah,IKUR KOTO,110,92,83.64
2024-09-30,Koto Tangah,ANAK AIR,132,106,80.3
2024-09-30,Koto Tangah,TUNGGUL HITAM,71,57,80.28
2024-10-31,Bungus Teluk Kabung,BUNGUS,138,111,80.43
2024-10-31,Lubuk Kilangan,LUBUK KILANGAN,106,93,87.74
2024-10-31,Lubuk Begalung,LUBUK BEGALUNG,83,67,80.72
2024-10-31,Lubuk Begalung,PEGAMBIRAN,69,63,91.3
2024-10-31,Padang Selatan,SEBERANG PADANG,72,60,83.33
2024-10-31,Padang Selatan,PEMANCUNGAN,130,104,80.0
2024-10-31,Padang Selatan,RAWANG,100,89,89
2024-10-31,Padang Timur,ANDALAS,138,111,80.43
2024-10-31,Padang Timur,PARAK KARAKAH,101,81,80.2
2024-10-31,Padang Barat,PADANG PASIR,115,105,91.3
2024-10-31,Padang Utara,ULAK KARANG,80,65,81.25
2024-10-31,Padang Utara,AIR TAWAR,114,92,80.7
2024-10-31,Padang Utara,ALAI,129,104,80.62
2024-10-31,Nanggalo,NANGGALO,152,135,88.82
2024-10-31,Nanggalo,LAPAI,109,88,80.73
2024-10-31,Kuranji,BELIMBING,101,88,87.13
2024-10-31,Kuranji,KURANJI,123,99,80.49
2024-10-31,Kuranji,AMBACANG,100,81,81
2024-10-31,Pauh,PAUH,65,52,80.0
2024-10-31,Koto Tangah,AIR DINGIN,116,94,81.03
2024-10-31,Koto Tangah,LB.BUAYA,136,109,80.15
2024-10-31,Koto Tangah,IKUR KOTO,97,80,82.47
2024-10-31,Koto Tangah,ANAK AIR,54,44,81.48
2024-10-31,Koto Tangah,TUNGGUL HITAM,116,93,80.17
2024-11-30,Bungus Teluk Kabung,BUNGUS,98,83,84.69
2024-11-30,Lubuk Kilangan,LUBUK KILANGAN,100,80,80.0
2024-11-30,Lubuk Begalung,LUBUK BEGALUNG,53,43,81.13
2024-11-30,Lubuk Begalung,PEGAMBIRAN,119,96,80.67
2024-11-30,Padang Selatan,SEBERANG PADANG,105,84,80.0
2024-11-30,Padang Selatan,PEMANCUNGAN,143,118,82.52
2024-11-30,Padang Selatan,RAWANG,144,124,86.11
2024-11-30,Padang Timur,ANDALAS,121,97,80.17
2024-11-30,Padang Timur,PARAK KARAKAH,109,88,80.73
2024-11-30,Padang Barat,PADANG PASIR,54,44,81.48
2024-11-30,Padang Utara,ULAK KARANG,157,126,80.25
2024-11-30,Padang Utara,AIR TAWAR,145,116,80.0
2024-11-30,Padang Utara,ALAI,79,69,87.34
2024-11-30,Nanggalo,NANGGALO,93,86,92.47
2024-11-30,Nanggalo,LAPAI,99,89,89.9
2024-11-30,Kuranji,BELIMBING,86,69,80.23
2024-11-30,Kuranji,KURANJI,97,88,90.72
2024-11-30,Kuranji,AMBACANG,62,50,80.65
2024-11-30,Pauh,PAUH,143,115,80.42
2024-11-30,Koto Tangah,AIR DINGIN,111,89,80.18
2024-11-30,Koto Tangah,LB.BUAYA,129,104,80.62
2024-11-30,Koto Tangah,IKUR KOTO,88,71,80.68
2024-11-30,Koto Tangah,ANAK AIR,73,59,80.82
2024-11-30,Koto Tangah,TUNGGUL HITAM,89,72,80.9
2024-12-31,Bungus Teluk Kabung,BUNGUS,124,100,80.65
2024-12-31,Lubuk Kilangan,LUBUK KILANGAN,117,105,89.74
2024-12-31,Lubuk Begalung,LUBUK BEGALUNG,65,52,80.0
2024-12-31,Lubuk Begalung,PEGAMBIRAN,79,64,81.01
2024-12-31,Padang Selatan,SEBERANG PADANG,72,58,80.56
2024-12-31,Padang Selatan,PEMANCUNGAN,130,105,80.77
2024-12-31,Padang Selatan,RAWANG,83,67,80.72
2024-12-31,Padang Timur,ANDALAS,74,60,81.08
2024-12-31,Padang Timur,PARAK KARAKAH,147,118,80.27
2024-12-31,Padang Barat,PADANG PASIR,104,84,80.77
2024-12-31,Padang Utara,ULAK KARANG,148,119,80.41
2024-12-31,Padang Utara,AIR TAWAR,164,142,86.59
2024-12-31,Padang Utara,ALAI,122,98,80.33
2024-12-31,Nanggalo,NANGGALO,139,112,80.58
2024-12-31,Nanggalo,LAPAI,56,50,89.29
2024-12-31,Kuranji,BELIMBING,124,108,87.1
2024-12-31,Kuranji,KURANJI,128,103,80.47
2024-12-31,Kuranji,AMBACANG,89,72,80.9
2024-12-31,Pauh,PAUH,81,65,80.25
2024-12-31,Koto Tangah,AIR DINGIN,67,54,80.6
2024-12-31,Koto Tangah,LB.BUAYA,78,63,80.77
2024-12-31,Koto Tangah,IKUR KOTO,109,88,80.73
2024-12-31,Koto Tangah,ANAK AIR,126,101,80.16
2024-12-31,Koto Tangah,TUNGGUL HITAM,85,68,80.0
2025-01-31,Bungus Teluk Kabung,BUNGUS,75,63,84
2025-01-31,Lubuk Kilangan,LUBUK KILANGAN,67,54,80.6
2025-01-31,Lubuk Begalung,LUBUK BEGALUNG,131,105,80.15
2025-01-31,Lubuk Begalung,PEGAMBIRAN,111,89,80.18
2025-01-31,Padang Selatan,SEBERANG PADANG,86,81,94.19
2025-01-31,Padang Selatan,PEMANCUNGAN,126,101,80.16
2025-01-31,Padang Selatan,RAWANG,120,96,80.0
2025-01-31,Padang Timur,ANDALAS,95,76,80.0
2025-01-31,Padang Timur,PARAK KARAKAH,72,58,80.56
2025-01-31,Padang Barat,PADANG PASIR,139,118,84.89
2025-01-31,Padang Utara,ULAK KARANG,95,76,80.0
2025-01-31,Padang Utara,AIR TAWAR,117,94,80.34
2025-01-31,Padang Utara,ALAI,98,87,88.78
2025-01-31,Nanggalo,NANGGALO,132,110,83.33
2025-01-31,Nanggalo,LAPAI,61,55,90.16
2025-01-31,Kuranji,BELIMBING,142,114,80.28
2025-01-31,Kuranji,KURANJI,127,110,86.61
2025-01-31,Kuranji,AMBACANG,68,55,80.88
2025-01-31,Pauh,PAUH,131,105,80.15
2025-01-31,Koto Tangah,AIR DINGIN,149,133,89.26
2025-01-31,Koto Tangah,LB.BUAYA,147,118,80.27
2025-01-31,Koto Tangah,IKUR KOTO,77,62,80.52
2025-01-31,Koto Tangah,ANAK AIR,125,100,80.0
2025-01-31,Koto Tangah,TUNGGUL HITAM,140,112,80.0
2025-02-28,Bungus Teluk Kabung,BUNGUS,72,58,80.56
2025-02-28,Lubuk Kilangan,LUBUK KILANGAN,123,106,86.18
2025-02-28,Lubuk Begalung,LUBUK BEGALUNG,149,120,80.54
2025-02-28,Lubuk Begalung,PEGAMBIRAN,76,61,80.26
2025-02-28,Padang Selatan,SEBERANG PADANG,111,101,90.99
2025-02-28,Padang Selatan,PEMANCUNGAN,107,86,80.37
2025-02-28,Padang Selatan,RAWANG,133,118,88.72
2025-02-28,Padang Timur,ANDALAS,60,48,80.0
2025-02-28,Padang Timur,PARAK KARAKAH,137,110,80.29
2025-02-28,Padang Barat,PADANG PASIR,141,113,80.14
2025-02-28,Padang Utara,ULAK KARANG,77,62,80.52
2025-02-28,Padang Utara,AIR TAWAR,137,110,80.29
2025-02-28,Padang Utara,ALAI,119,96,80.67
2025-02-28,Nanggalo,NANGGALO,86,69,80.23
2025-02-28,Nanggalo,LAPAI,115,97,84.35
2025-02-28,Kuranji,BELIMBING,56,46,82.14
2025-02-28,Kuranji,KURANJI,69,56,81.16
2025-02-28,Kuranji,AMBACANG,146,124,84.93
2025-02-28,Pauh,PAUH,60,48,80.0
2025-02-28,Koto Tangah,AIR DINGIN,99,84,84.85
2025-02-28,Koto Tangah,LB.BUAYA,103,94,91.26
2025-02-28,Koto Tangah,IKUR KOTO,62,50,80.65
2025-02-28,Koto Tangah,ANAK AIR,130,104,80.0
2025-02-28,Koto Tangah,TUNGGUL HITAM,120,96,80.0
2025-03-31,Bungus Teluk Kabung,BUNGUS,83,67,80.72
2025-03-31,Lubuk Kilangan,LUBUK KILANGAN,125,100,80.0
2025-03-31,Lubuk Begalung,LUBUK BEGALUNG,156,125,80.13
2025-03-31,Lubuk Begalung,PEGAMBIRAN,88,71,80.68
2025-03-31,Padang Selatan,SEBERANG PADANG,125,115,92
2025-03-31,Padang Selatan,PEMANCUNGAN,161,145,90.06
2025-03-31,Padang Selatan,RAWANG,132,106,80.3
2025-03-31,Padang Timur,ANDALAS,138,121,87.68
2025-03-31,Padang Timur,PARAK KARAKAH,100,90,90
2025-03-31,Padang Barat,PADANG PASIR,63,51,80.95
2025-03-31,Padang Utara,ULAK KARANG,96,85,88.54
2025-03-31,Padang Utara,AIR TAWAR,133,107,80.45
2025-03-31,Padang Utara,ALAI,72,65,90.28
2025-03-31,Nanggalo,NANGGALO,49,40,81.63
2025-03-31,Nanggalo,LAPAI,107,86,80.37
2025-03-31,Kuranji,BELIMBING,78,68,87.18
2025-03-31,Kuranji,KURANJI,63,51,80.95
2025-03-31,Kuranji,AMBACANG,130,105,80.77
2025-03-31,Pauh,PAUH,130,119,91.54
2025-03-31,Koto Tangah,AIR DINGIN,121,109,90.08
2025-03-31,Koto Tangah,LB.BUAYA,82,66,80.49
2025-03-31,Koto Tangah,IKUR KOTO,146,118,80.82
2025-03-31,Koto Tangah,ANAK AIR,138,111,80.43
2025-03-31,Koto Tangah,TUNGGUL HITAM,86,71,82.56
2025-04-30,Bungus Teluk Kabung,BUNGUS,118,98,83.05
2025-04-30,Lubuk Kilangan,LUBUK KILANGAN,96,77,80.21
2025-04-30,Lubuk Begalung,LUBUK BEGALUNG,156,125,80.13
2025-04-30,Lubuk Begalung,PEGAMBIRAN,97,78,80.41
2025-04-30,Padang Selatan,SEBERANG PADANG,156,125,80.13
2025-04-30,Padang Selatan,PEMANCUNGAN,123,111,90.24
2025-04-30,Padang Selatan,RAWANG,84,69,82.14
2025-04-30,Padang Timur,ANDALAS,76,70,92.11
2025-04-30,Padang Timur,PARAK KARAKAH,70,56,80.0
2025-04-30,Padang Barat,PADANG PASIR,57,46,80.7
2025-04-30,Padang Utara,ULAK KARANG,72,58,80.56
2025-04-30,Padang Utara,AIR TAWAR,119,97,81.51
2025-04-30,Padang Utara,ALAI,69,62,89.86
2025-04-30,Nanggalo,NANGGALO,123,99,80.49
2025-04-30,Nanggalo,LAPAI,99,80,80.81
2025-04-30,Kuranji,BELIMBING,123,113,91.87
2025-04-30,Kuranji,KURANJI,125,100,80.0
2025-04-30,Kuranji,AMBACANG,94,76,80.85
2025-04-30,Pauh,PAUH,107,86,80.37
2025-04-30,Koto Tangah,AIR DINGIN,78,63,80.77
2025-04-30,Koto Tangah,LB.BUAYA,89,78,87.64
2025-04-30,Koto Tangah,IKUR KOTO,137,110,80.29
2025-04-30,Koto Tangah,ANAK AIR,112,90,80.36
2025-04-30,Koto Tangah,TUNGGUL HITAM,86,69,80.23
2025-05-31,Bungus Teluk Kabung,BUNGUS,86,69,80.23
2025-05-31,Lubuk Kilangan,LUBUK KILANGAN,69,56,81.16
2025-05-31,Lubuk Begalung,LUBUK BEGALUNG,94,76,80.85
2025-05-31,Lubuk Begalung,PEGAMBIRAN,109,96,88.07
2025-05-31,Padang Selatan,SEBERANG PADANG,133,107,80.45
2025-05-31,Padang Selatan,PEMANCUNGAN,78,71,91.03
2025-05-31,Padang Selatan,RAWANG,104,84,80.77
2025-05-31,Padang Timur,ANDALAS,111,89,80.18
2025-05-31,Padang Timur,PARAK KARAKAH,45,40,88.89
2025-05-31,Padang Barat,PADANG PASIR,73,65,89.04
2025-05-31,Padang Utara,ULAK KARANG,48,39,81.25
2025-05-31,Padang Utara,AIR TAWAR,104,96,92.31
2025-05-31,Padang Utara,ALAI,115,92,80.0
2025-05-31,Nanggalo,NANGGALO,105,84,80.0
2025-05-31,Nanggalo,LAPAI,67,54,80.6
2025-05-31,Kuranji,BELIMBING,63,51,80.95
2025-05-31,Kuranji,KURANJI,76,61,80.26
2025-05-31,Kuranji,AMBACANG,123,99,80.49
2025-05-31,Pauh,PAUH,155,124,80.0
2025-05-31,Koto Tangah,AIR DINGIN,85,68,80.0
2025-05-31,Koto Tangah,LB.BUAYA,65,60,92.31
2025-05-31,Koto Tangah,IKUR KOTO,121,113,93.39
2025-05-31,Koto Tangah,ANAK AIR,137,110,80.29
2025-05-31,Koto Tangah,TUNGGUL HITAM,100,80,80.0
2025-06-30,Bungus Teluk Kabung,BUNGUS,80,67,83.75
2025-06-30,Lubuk Kilangan,LUBUK KILANGAN,105,84,80.0
2025-06-30,Lubuk Begalung,LUBUK BEGALUNG,137,116,84.67
2025-06-30,Lubuk Begalung,PEGAMBIRAN,66,53,80.3
2025-06-30,Padang Selatan,SEBERANG PADANG,43,35,81.4
2025-06-30,Padang Selatan,PEMANCUNGAN,132,106,80.3
2025-06-30,Padang Selatan,RAWANG,58,49,84.48
2025-06-30,Padang Timur,ANDALAS,62,50,80.65
2025-06-30,Padang Timur,PARAK KARAKAH,139,112,80.58
2025-06-30,Padang Barat,PADANG PASIR,79,64,81.01
2025-06-30,Padang Utara,ULAK KARANG,119,105,88.24
2025-06-30,Padang Utara,AIR TAWAR,140,112,80.0
2025-06-30,Padang Utara,ALAI,120,104,86.67
2025-06-30,Nanggalo,NANGGALO,63,57,90.48
2025-06-30,Nanggalo,LAPAI,131,113,86.26
2025-06-30,Kuranji,BELIMBING,67,60,89.55
2025-06-30,Kuranji,KURANJI,164,141,85.98
2025-06-30,Kuranji,AMBACANG,105,84,80.0
2025-06-30,Pauh,PAUH,159,128,80.5
2025-06-30,Koto Tangah,AIR DINGIN,106,85,80.19
2025-06-30,Koto Tangah,LB.BUAYA,92,74,80.43
2025-06-30,Koto Tangah,IKUR KOTO,103,89,86.41
2025-06-30,Koto Tangah,ANAK AIR,116,94,81.03
2025-06-30,Koto Tangah,TUNGGUL HITAM,100,80,80
2025-07-31,Bungus Teluk Kabung,BUNGUS,114,92,80.7
2025-07-31,Lubuk Kilangan,LUBUK KILANGAN,62,50,80.65
2025-07-31,Lubuk Begalung,LUBUK BEGALUNG,93,75,80.65
2025-07-31,Lubuk Begalung,PEGAMBIRAN,120,108,90
2025-07-31,Padang Selatan,SEBERANG PADANG,135,121,89.63
2025-07-31,Padang Selatan,PEMANCUNGAN,98,79,80.61
2025-07-31,Padang Selatan,RAWANG,145,116,80.0
2025-07-31,Padang Timur,ANDALAS,73,59,80.82
2025-07-31,Padang Timur,PARAK KARAKAH,142,114,80.28
2025-07-31,Padang Barat,PADANG PASIR,92,82,89.13
2025-07-31,Padang Utara,ULAK KARANG,73,59,80.82
2025-07-31,Padang Utara,AIR TAWAR,124,105,84.68
2025-07-31,Padang Utara,ALAI,76,61,80.26
2025-07-31,Nanggalo,NANGGALO,116,93,80.17
2025-07-31,Nanggalo,LAPAI,97,88,90.72
2025-07-31,Kuranji,BELIMBING,54,44,81.48
2025-07-31,Kuranji,KURANJI,89,72,80.9
2025-07-31,Kuranji,AMBACANG,90,72,80
2025-07-31,Pauh,PAUH,47,38,80.85
2025-07-31,Koto Tangah,AIR DINGIN,115,92,80.0
2025-07-31,Koto Tangah,LB.BUAYA,127,110,86.61
2025-07-31,Koto Tangah,IKUR KOTO,91,76,83.52
2025-07-31,Koto Tangah,ANAK AIR,97,83,85.57
2025-07-31,Koto Tangah,TUNGGUL HITAM,115,92,80.0
2025-08-31,Bungus Teluk Kabung,BUNGUS,153,123,80.39
2025-08-31,Lubuk Kilangan,LUBUK KILANGAN,97,78,80.41
2025-08-31,Lubuk Begalung,LUBUK BEGALUNG,144,116,80.56
2025-08-31,Lubuk Begalung,PEGAMBIRAN,104,84,80.77
2025-08-31,Padang Selatan,SEBERANG PADANG,93,75,80.65
2025-08-31,Padang Selatan,PEMANCUNGAN,139,112,80.58
2025-08-31,Padang Selatan,RAWANG,109,88,80.73
2025-08-31,Padang Timur,ANDALAS,120,96,80.0
2025-08-31,Padang Timur,PARAK KARAKAH,78,63,80.77
2025-08-31,Padang Barat,PADANG PASIR,60,48,80.0
2025-08-31,Padang Utara,ULAK KARANG,110,88,80.0
2025-08-31,Padang Utara,AIR TAWAR,80,64,80
2025-08-31,Padang Utara,ALAI,84,68,80.95
2025-08-31,Nanggalo,NANGGALO,132,122,92.42
2025-08-31,Nanggalo,LAPAI,124,100,80.65
2025-08-31,Kuranji,BELIMBING,136,113,83.09
2025-08-31,Kuranji,KURANJI,110,88,80.0
2025-08-31,Kuranji,AMBACANG,76,61,80.26
2025-08-31,Pauh,PAUH,61,49,80.33
2025-08-31,Koto Tangah,AIR DINGIN,102,82,80.39
2025-08-31,Koto Tangah,LB.BUAYA,96,77,80.21
2025-08-31,Koto Tangah,IKUR KOTO,79,64,81.01
2025-08-31,Koto Tangah,ANAK AIR,48,40,83.33
2025-08-31,Koto Tangah,TUNGGUL HITAM,98,79,80.61
2025-09-30,Bungus Teluk Kabung,BUNGUS,90,72,80.0
2025-09-30,Lubuk Kilangan,LUBUK KILANGAN,115,104,90.43
2025-09-30,Lubuk Begalung,LUBUK BEGALUNG,79,64,81.01
2025-09-30,Lubuk Begalung,PEGAMBIRAN,84,68,80.95
2025-09-30,Padang Selatan,SEBERANG PADANG,131,121,92.37
2025-09-30,Padang Selatan,PEMANCUNGAN,130,121,93.08
2025-09-30,Padang Selatan,RAWANG,93,75,80.65
2025-09-30,Padang Timur,ANDALAS,103,92,89.32
2025-09-30,Padang Timur,PARAK KARAKAH,68,58,85.29
2025-09-30,Padang Barat,PADANG PASIR,110,89,80.91
2025-09-30,Padang Utara,ULAK KARANG,73,59,80.82
2025-09-30,Padang Utara,AIR TAWAR,102,82,80.39
2025-09-30,Padang Utara,ALAI,72,66,91.67
2025-09-30,Nanggalo,NANGGALO,76,61,80.26
2025-09-30,Nanggalo,LAPAI,148,119,80.41
2025-09-30,Kuranji,BELIMBING,68,55,80.88
2025-09-30,Kuranji,KURANJI,61,52,85.25
2025-09-30,Kuranji,AMBACANG,107,86,80.37
2025-09-30,Pauh,PAUH,96,77,80.21
2025-09-30,Koto Tangah,AIR DINGIN,90,72,80.0
2025-09-30,Koto Tangah,LB.BUAYA,151,127,84.11
2025-09-30,Koto Tangah,IKUR KOTO,112,95,84.82
2025-09-30,Koto Tangah,ANAK AIR,134,108,80.6
2025-09-30,Koto Tangah,TUNGGUL HITAM,72,59,81.94
2025-10-31,Bungus Teluk Kabung,BUNGUS,140,112,80.0
2025-10-31,Lubuk Kilangan,LUBUK KILANGAN,108,96,88.89
2025-10-31,Lubuk Begalung,LUBUK BEGALUNG,84,68,80.95
2025-10-31,Lubuk Begalung,PEGAMBIRAN,70,65,92.86
2025-10-31,Padang Selatan,SEBERANG PADANG,73,62,84.93
2025-10-31,Padang Selatan,PEMANCUNGAN,132,106,80.3
2025-10-31,Padang Selatan,RAWANG,102,92,90.2
2025-10-31,Padang Timur,ANDALAS,140,114,81.43
2025-10-31,Padang Timur,PARAK KARAKAH,103,83,80.58
2025-10-31,Padang Barat,PADANG PASIR,117,109,93.16
2025-10-31,Padang Utara,ULAK KARANG,81,67,82.72
2025-10-31,Padang Utara,AIR TAWAR,116,93,80.17
2025-10-31,Padang Utara,ALAI,131,105,80.15
2025-10-31,Nanggalo,NANGGALO,155,140,90.32
2025-10-31,Nanggalo,LAPAI,111,89,80.18
2025-10-31,Kuranji,BELIMBING,103,91,88.35
2025-10-31,Kuranji,KURANJI,125,100,80.0
2025-10-31,Kuranji,AMBACANG,102,84,82.35
2025-10-31,Pauh,PAUH,66,53,80.3
2025-10-31,Koto Tangah,AIR DINGIN,118,97,82.2
2025-10-31,Koto Tangah,LB.BUAYA,138,111,80.43
2025-10-31,Koto Tangah,IKUR KOTO,98,83,84.69
2025-10-31,Koto Tangah,ANAK AIR,55,44,80.0
2025-10-31,Koto Tangah,TUNGGUL HITAM,118,95,80.51
2025-11-30,Bungus Teluk Kabung,BUNGUS,99,86,86.87
2025-11-30,Lubuk Kilangan,LUBUK KILANGAN,102,82,80.39
2025-11-30,Lubuk Begalung,LUBUK BEGALUNG,54,44,81.48
2025-11-30,Lubuk Begalung,PEGAMBIRAN,121,97,80.17
2025-11-30,Padang Selatan,SEBERANG PADANG,107,86,80.37
2025-11-30,Padang Selatan,PEMANCUNGAN,145,122,84.14
2025-11-30,Padang Selatan,RAWANG,146,128,87.67
2025-11-30,Padang Timur,ANDALAS,123,99,80.49
2025-11-30,Padang Timur,PARAK KARAKAH,111,89,80.18
2025-11-30,Padang Barat,PADANG PASIR,55,44,80.0
2025-11-30,Padang Utara,ULAK KARANG,160,128,80.0
2025-11-30,Padang Utara,AIR TAWAR,147,118,80.27
2025-11-30,Padang Utara,ALAI,80,71,88.75
2025-11-30,Nanggalo,NANGGALO,94,89,94.68
2025-11-30,Nanggalo,LAPAI,100,92,92
2025-11-30,Kuranji,BELIMBING,87,70,80.46
2025-11-30,Kuranji,KURANJI,98,91,92.86
2025-11-30,Kuranji,AMBACANG,63,51,80.95
2025-11-30,Pauh,PAUH,145,116,80
2025-11-30,Koto Tangah,AIR DINGIN,113,91,80.53
2025-11-30,Koto Tangah,LB.BUAYA,131,105,80.15
2025-11-30,Koto Tangah,IKUR KOTO,89,72,80.9
2025-11-30,Koto Tangah,ANAK AIR,74,60,81.08
2025-11-30,Koto Tangah,TUNGGUL HITAM,90,72,80.0
2025-12-31,Bungus Teluk Kabung,BUNGUS,126,101,80.16
2025-12-31,Lubuk Kilangan,LUBUK KILANGAN,119,109,91.6
2025-12-31,Lubuk Begalung,LUBUK BEGALUNG,66,53,80.3
2025-12-31,Lubuk Begalung,PEGAMBIRAN,80,64,80.0
2025-12-31,Padang Selatan,SEBERANG PADANG,73,59,80.82
2025-12-31,Padang Selatan,PEMANCUNGAN,132,109,82.58
2025-12-31,Padang Selatan,RAWANG,84,68,80.95
2025-12-31,Padang Timur,ANDALAS,75,60,80.0
2025-12-31,Padang Timur,PARAK KARAKAH,149,120,80.54
2025-12-31,Padang Barat,PADANG PASIR,106,85,80.19
2025-12-31,Padang Utara,ULAK KARANG,150,121,80.67
2025-12-31,Padang Utara,AIR TAWAR,167,147,88.02
2025-12-31,Padang Utara,ALAI,124,100,80.65
2025-12-31,Nanggalo,NANGGALO,141,113,80.14
2025-12-31,Nanggalo,LAPAI,57,52,91.23
2025-12-31,Kuranji,BELIMBING,126,112,88.89
2025-12-31,Kuranji,KURANJI,130,104,80.0
2025-12-31,Kuranji,AMBACANG,90,72,80.0
2025-12-31,Pauh,PAUH,82,66,80.49
2025-12-31,Koto Tangah,AIR DINGIN,68,55,80.88
2025-12-31,Koto Tangah,LB.BUAYA,79,64,81.01
2025-12-31,Koto Tangah,IKUR KOTO,111,89,80.18
2025-12-31,Koto Tangah,ANAK AIR,128,103,80.47
2025-12-31,Koto Tangah,TUNGGUL HITAM,86,69,80.23
